result_no	generate_no	e_no	market_no	name	kind	unique_1	unique_2	ap	spending_en	value	ammunition_cost	weight	turning_speed	guard_elemental	guard_value	precision	punding	aerosol	bullet	loading	weapon_element	add_abnormity	strength	gunshot	struggle	reaction	control	preparation	fitly	type_id	equip	fuka_1	fuka_2	charge	orig_name	
5	1	1	2	試製貯水培養装置C-0	62	18	138	184	850	378	0	200	0	9	340	0	211	554	2	0	0		23	104	104	145	105	104	113	902	0	40	54	0	156
5	1	2	3	ステイシスユニット	27	405	3	0	139	680	0	90	0	9	238	40	0	0	0	0	0		23	303	100	182	100	100	101	502	0	68	68	50	28
5	1	3	4	重狙撃砲メイプル02	31	2624	1	160	193	441	160	1146	0	9	405	599	75	0	1	0	49	30	23	365	100	100	100	101	100	348	0	219	219	10	50
5	1	4	5	サーチ＆ゴー	58	740	0	394	248	983	0	600	9	21	202	0	98	0	0	1800	0		23	100	101	102	361	101	101	441	0	226	226	100	59
5	1	6	6	一厘を整える絡繰	27	219	4	0	40	983	0	100	0	21	202	104	0	0	0	0	0		23	364	100	101	100	100	102	500	0	67	67	100	45
5	1	7	7	ゼノハイラθ	8	170	267	0	245	378	0	100	0	9	189	0	0	637	0	0	0		23	100	100	112	102	120	339	800	0	16	16	0	10
5	1	8	8	夜の衝突	8	261	314	0	567	378	0	77	0	2	189	0	0	368	0	0	0		23	100	100	112	361	100	100	803	0	82	56	0	53
5	1	9	9	Hyi-[Virusdevice]	62	9	378	0	579	441	0	500	643	2	96	0	94	9	0	0	63		23	103	100	349	120	100	100	906	0	19	19	10	151
5	1	10	10	DAYLIGHTSYNDROME	84	147	0	493	364	983	0	100	156	21	162	0	197	197	1	0	0		23	104	100	364	100	102	100	950	0	68	68	100	85
5	1	11	11	懐かしいメロディー	86	188	0	543	202	983	0	246	0	21	202	167	98	0	0	0	0		23	100	100	100	100	100	362	250	0	228	228	100	107
5	1	12	12	ホッパーストライクキック	102	2759	1	0	101	983	140	100	0	13	870	0	296	0	1	0	49	30	23	101	224	112	261	102	101	384	0	88	67	100	113
5	1	14	13	LEG-04LL『キングフィッシャー』	108	663	246	395	121	983	0	754	987	13	202	0	98	0	0	2100	0		23	100	362	102	100	109	100	411	0	82	82	100	119
5	1	15	14	大容量ボトムフリーザー『P!GtW』	20	97	0	1585	195	501	0	323	0	6	780	0	301	0	1	0	0		23	100	105	108	102	343	105	100	0	219	39	20	42
5	1	16	15	試製誘発速射パルス砲A-0	34	137	10	0	17	378	0	200	0	13	226	138	138	0	40	0	32	25	23	105	103	116	101	106	102	321	0	54	54	0	160
5	1	17	16	なおすコフィン	20	97	0	1512	195	501	0	300	0	6	780	0	302	0	1	0	0		23	102	100	100	100	363	100	100	0	68	68	20	42
5	1	18	17	ビビビビアンテナ	11	778	0	198	225	983	0	300	0	13	506	0	49	0	0	0	0		23	125	102	101	323	125	101	781	0	226	3	100	14
5	1	19	18	試製霊障火炎放射器A-0	79	775	1	0	18	378	40	180	0	9	566	238	231	0	4	0	37	50	23	260	103	124	114	123	104	362	0	2	67	0	171
5	1	22	19	SpeedBuffer[Ver.00]	115	347	20	0	6	441	0	100	0	6	269	140	132	0	40	0	32	45	23	100	234	107	233	120	100	391	0	56	56	10	122
5	1	23	20	試製耐物火炎装甲A-0	29	0	0	1397	1	378	0	350	0	6	1152	0	372	0	2	0	0		23	103	104	150	220	149	138	714	0	41	39	0	222
5	1	24	21	[N・G・A・G]-モデル4-	84	313	0	98	607	983	0	50	365	13	101	0	9	9	1	0	0		23	102	100	100	361	100	101	951	0	88	88	100	120
5	1	25	22	ヨケルコアトルの翼	84	288	0	96	592	620	0	50	400	13	98	0	9	9	1	0	0		23	102	102	362	100	100	101	951	0	19	95	40	120
5	1	26	23	『卦・凶事百景』	11	615	0	48	158	680	0	74	0	21	99	0	9	-144	0	0	0		23	100	100	106	361	100	101	783	0	82	82	50	92
5	1	29	24	狙撃砲『コロナ』	31	2623	1	0	193	441	160	1100	0	9	405	599	75	54	1	0	49	30	23	363	100	103	100	100	100	348	0	16	16	10	50
5	1	30	25	GS-RADAR-A-JOY	11	503	0	95	97	501	0	77	0	6	408	0	0	0	0	0	0		23	100	100	111	361	100	100	780	0	41	82	20	12
5	1	31	26	試製貯水頭部C-0	110	184	0	276	226	378	0	120	0	21	415	100	164	0	0	0	0		23	100	301	104	100	100	100	3	0	40	3	0	111
5	1	32	27	射撃補助操縦棺「芬蘭」	20	101	0	1488	202	983	0	300	0	6	810	0	297	0	1	0	0		23	277	122	160	100	121	100	100	0	67	67	100	42
5	1	33	28	PandoraInLExicon	102	2607	1	0	94	378	140	54	0	13	812	0	276	0	1	0	49	30	23	100	282	102	195	101	102	384	0	82	82	0	113
5	1	34	29	PSICOMETRÍA	11	302	0	237	19	501	0	-36	0	9	429	0	9	123	0	0	0		23	100	100	112	370	100	101	782	0	82	82	20	61
5	1	35	30	QUEEN/Ⅲ	8	271	345	0	607	983	0	100	0	2	202	0	0	394	0	0	0		23	102	104	228	213	138	100	803	0	56	56	100	53
5	1	36	31	ミロクレーダーB	11	750	0	188	216	441	0	300	0	13	483	0	46	0	0	0	0		23	100	100	105	368	100	100	781	0	226	3	10	14
5	1	37	32	greenshadowsⅣ	75	1714	2	0	386	441	0	250	0	21	656	46	216	27	16	0	51	50	23	101	363	117	100	100	100	381	0	16	94	10	146
5	1	38	33	五芒星E	11	755	0	190	195	501	0	254	0	13	487	0	47	0	0	0	0		23	100	100	102	361	100	101	781	0	82	82	20	14
5	1	39	34	リッパー	77	151	0	325	243	983	0	100	0	13	141	129	68	0	0	0	0		23	133	211	101	233	101	104	201	0	94	94	100	144
5	1	40	35	AMA-R「アマニタ」神経刺胞	62	9	399	0	773	441	0	700	446	13	887	0	565	140	0	0	63		23	100	100	101	362	100	100	905	0	98	19	10	64
5	1	41	36	SIGN	8	262	313	0	567	378	0	100	0	2	189	0	0	368	0	0	0		23	100	101	102	364	100	100	803	0	56	56	0	53
5	1	42	37	Z.A-153P/Ikeya-Zhang	31	2624	1	0	193	441	160	1146	0	9	405	663	75	0	1	0	49	30	23	365	100	110	100	101	100	348	0	227	227	10	50
5	1	43	38	試製貯水硬質ダガーA-0	102	672	3	0	12	378	10	50	0	13	245	184	174	0	12	0	32	40	23	105	105	109	104	102	104	392	0	40	39	0	103
5	1	44	39	C.V－23－シュヴァルベ	23	786	197	493	303	983	0	700	742	6	405	0	98	0	0	1900	0		23	100	363	111	100	100	100	401	0	56	56	100	89
5	1	45	40	『救世主の道』	99	192	0	2991	202	983	0	2046	840	9	810	0	523	0	1	5000	0		23	100	100	110	101	369	100	430	0	219	219	100	136
5	1	46	41	LCW001-DoubleGain	108	664	247	394	121	983	0	800	987	13	202	0	98	0	0	2100	0		23	100	101	103	364	100	100	411	0	39	39	100	119
5	1	47	42	UDP『千日紅』	5	1511	0	0	1	441	0	500	0	13	289	0	0	225	0	0	0		23	100	100	101	100	400	100	601	0	68	68	10	44
5	1	48	43	亜細胞培養恒温器《エルセン》	62	19	99	968	810	983	0	623	0	6	261	0	493	295	2	0	0		23	100	100	335	134	101	101	900	0	41	219	100	142
5	1	49	44	狙撃砲「コンコルド」	31	2700	1	57	202	983	160	1100	0	9	425	617	79	0	1	0	49	30	23	282	100	100	197	102	100	348	0	67	29	100	50
5	1	51	45	ぼろぼろの黒い服（クリーニング明け）	11	782	0	197	202	983	0	277	0	13	506	0	49	0	0	0	0		23	104	102	109	344	105	114	781	0	56	82	100	14
5	1	52	46	deesghlo【無繋験肢体】	86	188	0	543	202	983	0	200	0	21	202	167	98	0	0	0	0		23	100	100	100	100	101	361	250	0	2	2	100	107
5	1	53	47	Barnswallow	99	337	0	1875	303	983	0	1800	1145	9	607	0	394	0	0	4400	0		23	100	100	362	104	100	100	431	0	19	19	100	138
5	1	54	48	ダーシェンカの『煌光』	20	101	0	1583	202	983	0	300	0	6	810	0	316	54	1	0	0		23	100	100	100	100	400	100	100	0	16	16	100	42
5	1	55	49	電磁アンテナ《サンダーバード》	36	332	12	0	4	378	0	450	0	9	264	227	92	0	25	0	32	40	23	234	234	113	100	120	100	364	0	94	94	0	74
5	1	56	50	冥界の門V2	8	280	335	0	653	983	0	100	0	2	202	0	0	394	0	0	0		23	100	364	100	100	100	100	803	0	229	229	100	53
5	1	57	51	すごくあんぜんではやい	8	261	313	0	567	378	0	100	0	2	189	0	0	368	0	0	0		23	100	101	108	359	100	102	803	0	95	95	0	53
5	1	58	52	鶴のひとなき	29	0	0	1700	1	680	0	396	0	6	1191	0	410	0	2	0	0		23	102	102	102	100	365	100	710	0	219	219	50	46
5	1	59	53	試製噴霧電磁アックスA-0	115	2318	1	0	1323	378	0	250	0	6	282	0	128	27	9999	0	37	15	23	103	124	128	118	104	102	390	0	16	2	0	140
5	1	60	54	a4ce式操縦棺B『J7RQV』	20	0	0	920	189	378	0	100	0	13	189	0	45	0	0	0	0		23	100	100	104	362	100	100	101	0	39	39	0	57
5	1	61	55	ももちも製の枕	110	394	0	108	506	983	0	100	0	13	607	137	9	0	0	0	0		23	100	362	104	100	100	100	2	0	68	94	100	139
5	1	62	56	試製誘発培養装置C-0	62	18	141	185	850	378	0	200	0	9	340	0	185	557	2	0	0		23	102	106	164	201	136	134	902	0	54	39	0	156
5	1	64	57	試作品改良型ドゥームプラン	27	215	4	0	40	983	0	54	0	21	202	102	0	0	0	0	0		23	280	100	201	100	100	100	500	0	82	82	100	45
5	1	65	58	ユニオンジャックⅢ	5	1582	0	0	1	983	0	500	0	13	303	0	0	236	0	0	0		23	102	100	100	100	398	101	601	0	117	117	100	44
5	1	67	59	うさレッグζ	23	750	188	472	289	441	0	700	706	6	386	0	94	0	0	1900	0		23	100	363	103	100	110	100	401	0	94	94	10	89
5	1	68	60	解酒ウイルス【Ms.Diver】	62	10	390	0	601	800	0	500	585	2	100	0	104	9	0	0	63		23	100	100	100	100	398	100	906	0	117	117	70	151
5	1	69	61	ハイウェイ・スター	5	1584	0	0	1	983	0	500	0	13	339	0	0	236	0	0	0		23	100	100	107	100	404	100	601	0	98	98	100	44
5	1	71	62	[イカロスXI]耐弾飛行マニューバ	84	156	0	653	364	983	0	146	147	21	162	0	197	197	1	0	0		23	100	102	108	361	100	100	950	0	219	219	100	85
5	1	72	63	耐物装甲多脚『ストレングスⅡ』	1	192	39	3641	911	983	0	1723	345	6	828	0	628	0	2	5400	0		23	100	100	100	100	364	100	422	0	41	219	100	43
5	1	73	64	ウニのごときジャンボオモナミ	34	2225	1	0	1620	983	0	1300	0	13	486	174	296	0	3	0	51	5	23	363	100	100	100	102	100	322	0	18	67	100	52
5	1	74	65	自家製ふわとろオムライス	90	0	0	0	113	378	0	-146	0	2	283	0	0	0	0	0	0		23	101	103	103	357	100	100	1300	0	82	82	0	91
5	1	75	66	力の世界『レド＝ヴォル』	5	1151	0	0	1	378	0	400	0	9	226	0	0	202	0	0	0		23	100	161	332	100	100	100	604	0	39	39	0	121
5	1	77	67	少女の指先	8	267	320	0	579	441	0	100	0	2	193	0	0	376	0	0	0		23	100	100	106	361	101	100	803	0	95	95	10	53
5	1	78	68	ボルトアンカーA_誘発誘発付与	36	367	4	0	28	378	0	100	0	13	755	9	331	0	13	0	37	60	23	372	100	103	100	101	100	368	0	54	54	0	38
5	1	79	69	レーダーB『カナリア』	11	732	0	184	235	378	0	300	0	13	472	0	45	0	0	0	0		23	103	100	101	361	104	100	781	0	226	226	0	14
5	1	80	70	PK-003	102	1802	1	0	19	501	20	170	0	6	895	0	361	0	8	0	51	46	23	100	363	109	100	100	100	393	0	41	94	20	164
5	1	81	71	ハルシオン装甲重剣γ型	102	1751	1	0	19	501	20	147	0	2	895	0	361	0	8	0	51	46	23	100	233	116	253	101	101	393	0	82	114	20	164
5	1	82	72	FC-0x9Eスナイプ	27	316	6	0	121	983	0	120	46	13	202	79	0	0	0	0	0		23	102	105	103	104	345	102	501	0	19	19	100	152
5	1	84	73	ドリスティス飛行型ハイドラ操縦棺	20	81	0	1184	243	983	0	200	0	21	607	0	9	-147	1	0	0		23	233	102	102	237	100	100	102	0	88	88	100	22
5	1	85	74	メトロノーム	29	0	0	1414	1	441	0	350	0	6	1159	0	377	0	2	0	0		23	100	102	106	361	103	100	710	0	54	54	10	46
5	1	86	75	試製噴霧ウィルスA-0	62	8	390	57	756	378	0	700	414	6	850	0	552	164	0	0	63		23	100	100	102	359	101	100	905	0	16	29	0	64
5	1	88	76	試製霊障速射パルス砲A-0	34	137	10	0	17	378	0	200	0	13	226	138	138	0	40	0	32	25	23	103	103	116	282	104	102	321	0	2	95	0	160
5	1	90	77	試製耐電腕部A-0	77	92	0	506	189	378	0	150	0	21	207	110	137	0	1	0	0		23	101	100	106	331	100	100	200	0	106	56	0	78
5	1	91	78	Absolute-0	90	0	0	0	113	378	0	-100	0	2	283	0	0	0	0	0	0		23	100	364	102	100	100	100	1300	0	94	94	0	91
5	1	92	79	エネメラ	34	249	25	0	15	441	0	100	46	21	173	9	46	0	30	0	65	30	23	362	101	100	100	100	100	350	0	19	19	10	66
5	1	93	80	試作4号	1	336	88	2423	405	983	0	1200	710	2	405	0	342	0	1	4200	0		23	101	100	101	101	392	101	420	0	55	40	100	127
5	1	94	81	試製貯水FCSB-0	27	294	6	0	113	378	0	120	0	13	207	73	27	0	0	0	0		23	103	106	112	105	102	101	501	0	40	98	0	152
5	1	95	82	試製耐火物理装甲A-0	29	0	0	1382	1	378	0	350	0	6	1170	0	368	0	2	0	0		23	330	100	103	100	100	100	710	0	81	41	0	46
5	1	96	83	Lotus-petal	84	293	0	92	567	378	0	4	340	13	94	0	8	8	1	0	0		23	100	100	100	365	100	102	951	0	82	82	0	120
5	1	97	84	試製耐電水粒爆縮投射装置A-0	72	283	0	45	604	378	0	100	0	21	396	0	45	72	0	0	0		23	106	101	116	102	104	102	1400	0	106	16	0	73
5	1	98	85	ペインキラー	123	1493	1	0	38	441	50	130	0	13	809	151	263	0	5	0	37	30	23	135	133	185	219	100	103	386	0	94	98	10	145
5	1	99	86	rondine	5	1458	0	0	1	739	0	500	0	13	299	0	0	233	0	0	0		23	100	361	103	100	100	101	601	0	56	56	60	44
5	1	100	87	硬化術式	23	288	98	3582	263	983	0	1600	292	6	1863	0	1374	0	2	4200	0		23	257	100	100	100	234	100	402	0	19	19	100	69
5	1	102	88	試製保証ウィルスB-0	62	8	368	0	567	378	0	500	553	2	94	0	92	8	0	0	63		23	105	103	105	104	103	104	906	0	95	68	0	151
5	1	103	89	リ・ダイブ	77	144	0	303	226	378	0	100	0	13	132	119	64	0	0	0	0		23	100	310	102	155	101	100	201	0	94	94	0	144
5	1	104	90	飛行ユニット	84	292	0	252	567	378	0	96	342	13	94	0	8	8	1	0	0		23	102	100	123	350	101	101	951	0	219	219	0	120
5	1	105	91	fabian	27	310	6	0	113	378	0	120	0	13	189	77	0	0	0	0	0		23	341	103	105	102	110	103	501	0	94	88	0	152
5	1	106	92	試製旋回粒子爆雷A-0	34	230	25	0	15	378	0	100	23	21	169	26	45	0	30	0	65	30	23	101	177	186	138	104	104	350	0	19	18	0	66
5	1	107	93	P-005『レグルス』	34	2223	1	0	1620	983	0	1300	0	13	486	156	295	0	3	0	51	5	23	360	101	101	100	100	102	322	0	88	88	100	52
5	1	108	94	ライトプラン・エンジン	5	1481	0	0	1	983	0	454	0	13	303	0	0	237	0	0	0		23	100	235	166	181	101	103	601	0	82	82	100	44
5	1	109	95	翻す炎の『フガク.1』	47	0	0	188	328	441	0	104	330	13	289	178	244	0	1	0	0		23	101	102	106	361	100	100	721	0	82	82	10	97
5	1	110	96	【Brins.Quatre:Coeur】	5	799	0	0	1	983	0	200	0	21	56	0	0	295	0	0	0		23	134	163	160	176	153	100	603	0	41	106	100	7
5	1	111	97	試製耐火粒子スピアA-0	75	1738	1	0	283	378	0	200	0	9	546	138	138	0	9999	0	49	40	23	102	166	113	102	105	106	388	0	81	3	0	112
5	1	112	98	試製耐粒粒子ブレードA-0	75	1599	1	0	378	378	0	70	0	13	641	93	184	0	9999	0	37	30	23	151	150	182	148	105	101	380	0	98	88	0	76
5	1	113	99	ラストダウン	161	29	0	810	289	441	0	200	0	21	386	0	282	0	1	0	0		23	100	100	103	100	101	398	1040	0	54	29	10	162
5	1	114	100	頭部『菫』	110	382	0	105	491	560	0	100	23	13	607	133	9	0	0	0	0		23	102	314	169	102	104	106	2	0	19	98	30	139
5	1	115	101	試製精度高速増殖培養槽A-0	158	189	0	184	75	378	0	100	0	13	358	18	276	552	0	0	0		23	302	100	101	100	101	101	1200	0	18	98	0	159
5	1	116	102	試作狙撃砲『ディスコネクテッド』	31	2707	1	0	201	921	160	1100	46	9	423	618	78	0	1	0	49	30	23	309	100	176	100	101	100	348	0	19	19	90	50
5	1	117	103	Aves-Larus	8	282	335	0	607	983	0	100	0	2	202	0	0	394	0	0	0		23	100	362	101	121	100	100	803	0	3	3	100	53
5	1	118	104	試製貯水プラズマ砲A-0	34	1958	1	0	1512	378	0	1300	0	13	453	138	303	0	3	0	51	5	23	102	108	101	103	106	104	322	0	40	56	0	52
5	1	119	105	試製卵重車輪A-0	58	422	0	1847	189	378	0	1500	31	21	756	0	277	0	2	4100	0		23	110	100	105	296	113	102	442	0	117	19	0	149
5	1	120	106	連動型探求ユニット『リチェルカーレ』	11	301	0	235	19	441	0	-36	0	9	425	0	9	122	0	0	0		23	100	100	100	399	100	100	782	0	82	82	10	61
5	1	122	107	試製耐電培養装置A-0	62	18	92	829	756	378	0	600	23	21	244	0	460	277	2	0	0		23	285	103	104	104	103	113	900	0	106	19	0	142
5	1	123	108	Abschuss Ⅱ	31	317	4	0	5	983	12	150	0	21	283	203	9	0	30	0	32	35	23	223	185	181	100	100	100	300	0	56	56	100	96
5	1	124	109	『流れつかぬ花筏』	108	665	247	394	144	983	0	800	989	13	202	0	98	0	0	2100	0		23	100	311	108	161	100	100	411	0	229	56	100	119
5	1	125	110	TheCrest-EL23	99	321	0	1847	289	441	0	1800	1050	21	597	0	376	0	0	4400	0		23	100	101	368	100	101	100	431	0	106	29	10	138
5	1	126	111	プラズマカリバー	115	2388	1	0	1215	983	0	200	0	6	768	78	246	0	9999	0	49	30	23	100	350	103	143	100	100	382	0	56	56	100	116
5	1	127	112	試製臂力粒子スピアA-0	75	1757	1	0	283	378	0	200	0	21	546	138	138	0	9999	0	49	40	23	104	212	146	180	104	104	388	0	94	106	0	112
5	1	128	113	電湧	5	1465	0	0	1	378	0	500	0	21	301	0	0	220	0	0	0		23	118	100	101	100	363	102	601	0	0	106	0	44
5	1	129	114	試製旋回索敵障害誘発A-0	220	27	0	778	283	378	0	200	23	21	378	0	292	0	1	0	0		23	104	101	103	104	346	103	1030	0	19	39	0	221
5	1	130	115	アルマダの双翼	75	1666	2	0	378	378	0	250	0	21	641	45	211	0	16	0	51	50	23	100	333	114	146	101	100	381	0	68	68	0	146
5	1	132	116	噴霧^2パイルA『スティンガー』	102	2715	1	0	96	441	140	100	0	13	830	0	282	54	1	0	49	30	23	100	363	109	100	100	100	384	0	16	16	10	113
5	1	133	117	虎脚【荒踏】	58	728	0	388	199	739	0	600	9	21	199	0	97	0	0	1800	0		23	100	100	106	362	100	101	441	0	95	95	60	59
5	1	135	118	試製貯水エンジンA-0	5	921	0	0	1	378	0	300	0	21	189	0	27	184	0	0	0		23	103	103	109	168	105	105	600	0	40	55	0	25
5	1	136	119	ブレード・ランナー	1	561	138	1086	810	983	0	900	1031	21	220	0	197	0	0	3600	0		23	101	100	121	363	100	100	421	0	56	106	100	4
5	1	137	120	Lib-[tears]	23	306	98	3476	263	983	0	1600	247	6	1863	0	1333	0	2	4200	0		23	100	358	110	102	101	101	402	0	68	39	100	69
5	1	138	121	試製耐火粒子装甲A-0	29	0	0	1382	1	378	0	350	0	9	1152	0	368	0	2	0	0		23	135	105	113	315	101	105	711	0	81	2	0	30
5	1	139	122	粒子刃『Mondfinsternis』	75	1581	1	0	378	378	0	24	0	21	623	92	184	0	9999	0	37	30	23	101	100	111	100	100	362	380	0	82	82	0	76
5	1	141	123	試製貯水培養装置A-0	62	18	92	829	756	378	0	600	0	2	226	18	487	276	2	0	0		23	102	286	133	104	104	102	900	0	40	18	0	142
5	1	142	124	染み渡る黄煙	20	75	0	1181	272	378	0	200	0	21	567	0	9	-137	1	0	0		23	100	100	101	100	398	100	102	0	226	226	0	22
5	1	143	125	ぶぃん	8	180	267	0	245	378	0	100	0	9	189	0	0	553	0	0	0		23	102	346	111	105	100	102	800	0	68	94	0	10
5	1	144	126	DD-S対物ウェブラルアーマー	29	0	0	1483	1	983	0	350	0	6	1251	0	395	0	2	0	0		23	288	105	102	178	106	103	712	0	41	41	100	165
5	1	145	127	索敵操縦棺	20	60	0	1086	222	983	0	150	0	2	405	0	147	0	0	0	0		23	100	100	102	362	101	100	103	0	3	3	100	83
5	1	146	128	ERIS	115	349	20	0	6	378	0	100	0	6	263	137	128	0	40	0	32	45	23	100	364	109	100	100	101	391	0	94	94	0	122
5	1	147	129	工作スピア	75	1925	1	0	300	800	0	200	0	21	560	182	146	0	9999	0	49	40	23	100	363	110	100	101	100	388	0	18	18	70	112
5	1	148	130	光剣『Mah_Might』	75	1604	1	0	378	378	0	24	0	21	623	92	184	0	9999	0	37	30	23	101	163	103	297	100	100	380	0	82	82	0	76
5	1	149	131	先の先（軽ブA	8	182	286	0	263	983	0	100	0	9	202	0	0	655	0	0	0		23	100	100	109	100	100	364	800	0	2	16	100	10
5	1	150	132	試製重量軽減軽二脚A-0	23	733	184	460	283	378	0	677	690	6	396	0	92	0	0	1900	0		23	100	100	100	361	100	100	401	0	82	41	0	89
5	1	151	133	試製索敵軽ブースターB-0	8	206	286	0	378	378	0	100	0	6	151	0	0	386	0	0	0		23	103	106	107	103	102	104	801	0	3	55	0	26
5	1	152	134	ヒロイック・レーダー	11	566	0	46	154	441	0	120	0	21	96	0	9	-140	0	0	0		23	101	357	109	111	101	100	783	0	3	3	10	92
5	1	153	135	軽量術導肢『千手観音』	86	87	0	368	18	378	0	4	0	2	94	110	45	0	0	0	0		23	100	100	105	102	100	361	251	0	82	82	0	87
5	1	154	136	ウィングリアクター	84	140	0	473	347	441	0	100	172	21	154	0	189	188	1	0	0		23	100	101	368	102	125	100	950	0	19	3	10	85
5	1	155	137	試製保証ウィルスA-0	62	8	373	0	756	378	0	700	416	6	850	0	552	137	0	0	63		23	100	278	117	160	101	100	905	0	95	56	0	64
5	1	158	138	霊ドーム付き煎餅型ヘッド	110	198	0	296	266	983	0	143	0	21	445	110	147	0	0	0	0		23	180	180	168	123	103	114	3	0	226	228	100	111
5	1	159	139	はこ２	90	0	0	0	113	378	0	-100	0	2	283	0	0	0	0	0	0		23	100	365	100	100	100	100	1300	0	94	94	0	91
5	1	160	140	SQ-FU101_Skyfish	84	299	0	94	579	441	0	4	348	13	96	0	9	9	1	0	0		23	100	100	103	361	100	100	951	0	82	82	10	120
5	1	161	141	GaeDearg-Ⅲ	75	1919	1	0	303	983	0	200	0	21	566	183	148	0	9999	0	49	40	23	101	298	108	177	111	102	388	0	18	18	100	112
5	1	162	142	試製耐霊軽ブースターB-0	8	206	286	0	378	378	0	100	0	2	169	0	0	403	0	0	0		23	104	102	118	103	105	284	801	0	114	88	0	26
5	1	163	143	ラグランツヴェイルの翼	84	289	0	94	579	441	0	50	349	13	96	0	9	9	1	0	0		23	101	279	107	212	100	100	951	0	68	68	10	120
5	1	164	144	ダメージスキャナー	110	0	0	615	19	680	0	173	0	6	198	140	97	0	0	0	0		23	342	100	100	120	122	100	1	0	18	219	50	157
5	1	165	145	試製耐火火炎装甲A-0	29	0	0	1382	1	378	0	350	0	13	1170	0	368	0	2	0	0		23	100	256	101	196	100	100	714	0	81	98	0	222
5	1	166	146	改造エンジンD	5	753	0	0	1	441	0	200	0	6	19	0	0	282	0	0	0		23	102	100	119	361	100	100	603	0	56	56	10	7
5	1	167	147	試製耐粒噴霧機A-0	147	0	0	740	94	378	0	100	0	13	396	0	740	368	0	0	0		23	100	195	240	100	120	100	700	0	98	55	0	155
5	1	169	148	Ein Hufeisen	1	514	133	1045	780	501	0	900	988	6	213	0	190	0	0	3600	0		23	341	100	100	141	100	100	421	0	56	41	20	4
5	1	170	149	重輝盾	29	0	0	1708	1	983	0	373	0	13	1215	0	419	0	2	0	0		23	100	100	107	100	365	100	711	0	219	29	100	30
5	1	171	150	アブラナ科B	62	9	394	0	630	983	0	523	608	2	101	32	98	10	0	0	63		23	141	100	218	100	100	227	906	0	227	229	100	151
5	1	172	151	試製出力パンツァークリンゲA-0	102	1646	1	0	18	378	20	170	0	13	849	0	350	0	8	0	51	46	23	100	100	109	330	101	100	393	0	68	39	0	164
5	1	173	152	試製誘発狙撃砲A-0	31	2420	1	0	189	378	160	1100	0	9	396	553	74	0	1	0	49	30	23	104	236	153	103	135	105	348	0	54	54	0	50
5	1	174	153	試製機動速射砲A-0	31	287	4	0	4	378	12	150	0	21	264	184	8	27	30	0	32	35	23	103	238	118	105	114	103	300	0	56	16	0	96
5	1	175	154	Drive-Like-Alive	108	663	247	394	121	983	0	800	988	13	202	0	98	0	0	2100	0		23	100	363	104	100	100	100	411	0	68	68	100	119
5	1	177	155	多重ロックオンシステムα	27	198	4	0	38	441	0	100	0	21	193	94	0	0	0	0	0		23	133	100	120	338	100	100	500	0	88	88	10	45
5	1	178	156	増強粒子スピア『グレイル』	75	1850	1	0	289	441	0	200	0	21	540	140	140	0	9999	0	49	40	23	103	346	124	101	103	105	388	0	94	94	10	112
5	1	179	157	培養兵器[生産特化-T05]	62	20	98	924	810	983	0	600	0	2	243	0	513	302	2	0	0		23	100	100	100	100	278	194	900	0	117	117	100	142
5	1	180	158	対空砲『スペニスキダエ』	31	182	8	0	2	378	10	450	0	6	376	204	184	0	24	0	128	20	23	365	102	103	100	101	100	355	0	39	41	0	166
5	1	181	159	amibreaker	115	2249	1	0	1159	441	0	154	0	6	733	75	235	0	9999	0	49	30	23	104	288	112	167	104	101	382	0	82	82	10	116
5	1	182	160	試製貯水培養装置A-0	62	18	92	829	756	378	0	600	0	2	226	0	487	276	2	0	0		23	106	315	104	101	104	104	900	0	40	2	0	142
5	1	183	161	ミニパルス『クイックドロウ』	34	153	10	0	18	983	0	177	0	13	243	171	151	0	40	0	32	25	23	260	103	112	103	220	104	321	0	82	18	100	160
5	1	184	162	ぱすたさんのふぉーこくさん	75	1947	1	0	303	983	0	200	0	21	566	147	147	0	9999	0	49	40	23	100	364	110	100	100	100	388	0	94	94	100	112
5	1	185	163	しゅわブレード	75	1643	1	0	392	560	0	70	0	21	647	96	191	0	9999	0	37	30	23	163	102	121	150	116	148	380	0	56	2	30	76
5	1	186	164	葉力装置れべるに	84	291	0	95	585	501	0	50	352	13	97	0	9	9	1	0	0		23	100	284	116	196	100	100	951	0	94	94	20	120
5	1	187	165	試製飛行粒子スピアA-0	75	1738	1	0	283	378	0	200	0	21	528	140	138	0	9999	0	49	40	23	167	165	106	195	111	104	388	0	88	67	0	112
5	1	188	166	ターボひよこちゃん	58	434	0	2087	202	983	0	1500	9	21	810	0	312	0	2	4100	0		23	105	104	102	113	348	103	442	0	56	56	100	149
5	1	190	167	Smiley-Palaβ	102	2503	1	57	94	378	140	100	0	21	830	0	279	0	1	0	49	30	23	269	101	101	176	147	100	384	0	106	29	0	113
5	1	191	168	カルパの天輪	58	697	0	394	225	983	0	600	9	21	202	0	98	0	0	1800	0		23	100	100	107	100	100	361	441	0	229	2	100	59
5	1	193	169	機動旋回アンテナ『ヴァリアント』	36	322	12	0	4	378	0	450	23	9	264	220	97	0	25	0	32	40	23	100	100	106	100	363	100	364	0	56	19	0	74
5	1	194	170	&lt;R-E&gt;	47	0	0	197	344	983	0	150	412	13	303	187	256	0	1	0	0		23	100	102	365	100	101	100	721	0	19	19	100	97
5	1	195	171	D-ThunderBreth	36	2185	1	0	1353	441	0	1077	0	9	463	77	283	0	3	0	49	5	23	234	100	108	233	120	100	360	0	67	82	10	137
5	1	196	172	ヴォイドクローラー	11	512	0	96	99	680	0	100	0	2	397	0	0	0	0	0	0		23	101	100	111	359	101	101	780	0	3	3	50	12
5	1	197	173	試製霊障デュアルブレードA-0	75	1581	2	0	378	378	0	250	0	21	641	45	211	0	16	0	51	50	23	100	102	117	330	100	100	381	0	2	2	0	146
5	1	198	174	カイルくん壁	29	0	0	1538	1	983	0	350	0	2	1233	0	394	0	2	0	0		23	100	100	101	362	100	100	713	0	114	29	100	223
5	1	199	175	改良型フィルター	29	0	0	1622	1	983	0	350	0	21	1233	0	417	0	2	0	0		23	104	100	100	106	347	105	711	0	106	29	100	30
5	1	201	176	噴霧障壁『ゴルゴンの首』	29	0	0	1481	1	983	0	350	0	13	1215	0	394	54	2	0	0		23	101	100	100	365	100	100	711	0	16	16	100	30
5	1	203	177	対物狙撃銃『アウトオブタッチ』	31	2526	1	0	189	378	160	1100	0	9	396	577	74	0	1	0	49	30	23	295	100	105	100	180	101	348	0	56	56	0	50
5	1	204	178	PG-OpsoEN	20	99	0	1452	198	680	0	277	0	6	794	0	290	0	1	0	0		23	101	353	104	101	102	101	100	0	56	82	50	42
5	1	205	179	試製精度腕部B-0	77	141	0	303	226	378	0	100	0	13	132	137	64	0	0	0	0		23	105	215	195	103	104	104	201	0	18	56	0	144
5	1	206	180	EveningMist	23	295	94	3318	251	441	0	1600	235	6	1778	0	1272	0	2	4200	0		23	100	261	105	250	103	100	402	0	94	94	10	69
5	1	207	181	MGR-PZK-GEN	102	1870	1	0	20	983	20	170	0	13	910	0	375	0	8	0	51	46	23	101	361	104	100	103	100	393	0	68	94	100	164
5	1	209	182	烏合	31	64	60	0	1	983	5	750	0	21	891	173	49	0	80	0	32	30	23	341	100	102	116	101	102	302	0	68	18	100	101
5	1	211	183	Imitation	134	31	0	789	303	983	0	200	0	6	423	0	295	0	1	0	0		23	102	100	104	100	101	362	1050	0	54	41	100	135
5	1	212	184	ルーンレッグ：ベオーク	23	288	98	3772	263	983	0	1600	246	6	1863	0	1425	0	2	4200	0		23	100	100	100	100	400	100	402	0	39	29	100	69
5	1	213	185	試製卵速射パルス砲A-0	34	143	10	0	17	378	0	200	0	13	226	143	138	0	40	0	32	25	23	284	103	110	107	103	104	321	0	117	54	0	160
5	1	214	186	高機動ドライブユニット『ブラッドダイヤ』	58	736	0	396	202	983	0	600	9	21	202	0	98	0	0	1800	0		23	101	101	114	339	121	100	441	0	56	56	100	59
5	1	216	187	ホ号六四式頭部	110	368	0	101	472	378	0	100	0	13	603	136	8	0	0	0	0		23	346	102	110	104	104	102	2	0	81	98	0	139
5	1	217	188	根	1	183	37	3425	869	441	0	1700	329	2	773	0	604	0	2	5400	0		23	100	100	101	100	400	100	422	0	117	117	10	43
5	1	218	189	錆の卵Vr.24	62	20	151	204	303	983	0	650	0	21	425	0	715	-98	2	0	0		23	100	100	104	199	255	100	901	0	117	117	100	170
5	1	219	190	Egoism	62	9	401	0	589	560	0	477	608	2	98	0	95	9	0	0	63		23	100	100	182	308	100	100	906	0	82	19	30	151
5	1	220	191	試製跳躍レーダーE-0	11	375	0	276	283	378	0	127	92	6	415	0	92	0	0	0	0		23	103	218	114	180	103	105	784	0	55	82	0	150
5	1	221	192	ゴム質の鱗	29	0	0	1467	1	378	0	350	0	21	1134	0	391	0	2	0	0		23	100	100	100	100	367	100	713	0	39	39	0	223
5	1	222	193	試製貯水FCSA-0	27	193	4	0	37	378	0	100	0	21	189	92	54	0	0	0	0		23	100	281	102	180	100	100	500	0	40	40	0	45
5	1	223	194	試製貯水レーダーE-0	11	383	0	276	283	378	0	150	92	13	433	0	119	0	0	0	0		23	102	100	103	270	102	101	784	0	40	98	0	150
5	1	224	195	雷撃破砕砲『帝釈』	36	1614	1	0	708	983	0	800	0	13	463	20	497	0	8	0	65	12	23	304	100	140	100	135	100	361	0	68	98	100	154
5	1	225	196	仮設粒子両刃斧	75	1715	2	0	386	441	0	250	0	21	656	46	216	0	16	0	51	50	23	100	364	107	100	100	101	381	0	94	94	10	146
5	1	226	197	焼夷機関砲A型『ミリオンダラー』	79	36	50	0	1	378	6	150	0	6	169	9	45	0	200	0	37	5	23	362	101	100	100	101	100	370	0	67	67	0	80
5	1	227	198	試製耐電ナパーム砲A-0	79	253	4	0	4	378	10	130	0	21	565	276	8	0	18	0	32	40	23	103	102	105	103	104	104	366	0	106	3	0	143
5	1	228	199	105式甲型火器管制装置『ウェパル』	27	209	4	137	38	441	0	123	0	21	193	99	0	0	0	0	0		23	363	101	110	100	117	100	500	0	219	29	10	45
5	1	229	200	第弐式召喚支援魔導炉《キュベレー》	62	9	418	0	810	983	0	700	444	6	911	0	592	147	0	0	63		23	100	100	101	361	104	100	905	0	39	39	100	64
5	1	231	201	fort	29	0	0	1467	1	378	0	350	0	6	1134	0	391	0	2	0	0		23	100	100	100	100	369	100	710	0	39	39	0	46
5	1	232	202	JD-AU-05	77	92	0	506	189	378	0	104	0	9	189	110	137	0	1	0	0		23	104	102	103	361	101	100	200	0	82	82	0	78
5	1	234	203	アンブロシウス	20	101	0	1481	202	983	0	254	0	6	810	0	295	0	1	0	0		23	181	153	156	151	100	148	100	0	82	82	100	42
5	1	235	204	試製耐物霊障装甲A-0	29	0	0	1384	1	378	0	350	0	13	1170	0	369	0	2	0	0		23	103	103	109	281	108	103	712	0	41	98	0	165
5	1	236	205	試製臂力出力低下誘発A-0	132	27	0	750	283	378	0	200	0	13	378	0	281	0	1	0	0		23	216	102	106	104	177	106	1020	0	94	117	0	133
5	1	237	206	軽量型ブースター『レインフォース』	8	184	273	0	251	441	0	54	0	9	193	0	0	565	0	0	0		23	101	100	104	361	101	100	800	0	82	82	10	10
5	1	238	207	かさかさ	108	216	108	2944	141	983	0	1400	543	13	810	0	420	0	2	4600	0		23	100	103	106	103	382	101	412	0	117	117	100	109
5	1	239	208	Pursuer	11	583	0	45	151	378	0	120	0	21	94	0	8	-138	0	0	0		23	108	102	102	343	104	102	783	0	39	39	0	92
5	1	240	209	ガイスト	110	0	0	522	42	501	0	150	0	6	195	114	95	0	0	0	0		23	100	362	121	100	100	101	1	0	229	56	20	157
5	1	241	210	試作型軽二脚１１型	23	705	191	460	283	378	0	677	717	6	378	0	92	0	0	1900	0		23	101	181	269	104	103	106	401	0	82	56	0	89
5	1	244	211	試製精度エンジンB-0	5	1382	0	0	1	378	0	500	0	13	283	18	0	220	0	0	0		23	331	100	101	100	100	100	601	0	18	95	0	44
5	1	246	212	ハーヴェイ	99	332	0	1821	294	560	0	1800	1029	9	589	0	383	0	0	4400	0		23	287	104	106	179	106	104	431	0	88	19	30	138
5	1	247	213	試製旋回電磁アックスA-0	115	2309	1	0	1323	378	0	250	23	6	300	0	128	0	9999	0	37	15	23	103	107	113	102	105	102	390	0	19	41	0	140
5	1	248	214	試製飛行ナパーム砲A-0	79	253	4	0	4	378	10	130	23	9	547	276	8	0	18	0	32	40	23	105	178	108	261	106	101	366	0	88	19	0	143
5	1	249	215	SOLE-Pl-001	34	2143	1	0	1560	501	0	1300	0	13	468	151	285	0	3	0	51	5	23	364	100	100	100	100	100	322	0	67	67	20	52
5	1	250	216	フィアンマ・デル・ディアボロ	79	38	50	0	1	983	6	150	23	6	182	10	49	0	200	0	37	5	23	366	100	101	100	100	102	370	0	19	54	100	80
5	1	251	217	試製噴霧エンジンB-0	5	1455	0	0	1	378	0	500	0	13	283	0	0	247	0	0	0		23	101	100	101	100	330	100	601	0	16	39	0	44
5	1	252	218	一本タタラ	23	730	185	460	283	378	0	700	694	6	378	0	92	0	0	1900	0		23	103	342	124	104	106	103	401	0	56	56	0	89
5	1	253	219	不透明な糸車	58	433	0	2056	202	983	0	1523	9	2	828	0	296	0	2	4100	0		23	100	100	138	100	104	361	442	0	219	114	100	149
5	1	254	220	試製重量軽減パルス砲B-0	34	460	3	0	100	378	0	97	0	9	245	175	142	0	30	0	128	35	23	100	100	102	100	234	176	323	0	82	56	0	129
5	1	255	221	試製耐物レーダーD-0	11	552	0	48	151	378	0	120	0	9	130	0	9	-138	0	0	0		23	102	105	101	101	350	105	783	0	41	81	0	92
5	1	256	222	E-825	5	1519	0	0	1	983	0	500	23	13	303	0	0	237	0	0	0		23	225	103	101	100	213	106	601	0	19	54	100	44
5	1	257	223	PK-02【バッテリーブレード】	102	1746	1	0	18	378	20	170	0	13	849	0	350	0	8	0	51	46	23	100	363	108	100	100	100	393	0	68	94	0	164
5	1	258	224	月界式補助輪『葱花輦』	70	190	0	184	226	378	0	54	0	21	189	0	0	0	0	0	0		23	100	100	108	364	100	101	850	0	82	82	0	93
5	1	259	225	EB-04ハイランダー	115	2394	1	0	1215	983	0	200	0	6	768	78	246	0	9999	0	49	30	23	100	361	105	100	100	100	382	0	94	94	100	116
5	1	260	226	橙色のエンジンA	5	1046	0	0	1	983	0	300	0	21	202	0	0	197	0	0	0		23	101	100	100	102	362	100	600	0	68	68	100	25
5	1	262	227	試製噴霧噴霧機A-0	147	0	0	737	94	378	0	100	0	9	378	0	737	395	0	0	0		23	103	106	104	106	105	102	700	0	16	39	0	155
5	1	263	228	夜の帳	90	0	0	0	113	378	0	-100	0	2	283	0	0	0	0	0	0		23	100	103	121	274	100	178	1300	0	3	3	0	91
5	1	264	229	比良坂式術導肢『首撫』	86	87	0	368	18	378	0	4	0	2	94	110	45	0	0	0	0		23	100	100	101	100	100	362	251	0	82	82	0	87
5	1	265	230	試製機動榴弾砲A-0	31	2074	1	0	94	378	150	1200	0	9	453	276	92	0	3	0	51	5	23	105	313	107	103	103	104	344	0	56	117	0	163
5	1	266	231	旋車輪	99	341	0	1790	289	441	0	1800	1038	9	579	0	376	0	0	4400	0		23	100	364	114	100	101	100	431	0	19	19	10	138
5	1	267	232	試製飛行軽車輪A-0	58	683	0	371	189	378	0	600	8	9	207	0	92	0	0	1800	0		23	103	312	113	103	138	104	441	0	88	81	0	59
5	1	268	233	試作強化タイヤ	70	194	0	188	231	441	0	100	0	21	193	0	0	0	0	0	0		23	100	122	100	339	100	100	850	0	88	88	10	93
5	1	269	234	たい焼きエンジン3号機	5	1544	0	0	1	620	0	454	0	13	296	0	0	231	0	0	0		23	101	100	100	100	400	100	601	0	82	82	40	44
5	1	272	235	試製耐物重ブースターA-0	8	247	313	0	567	378	0	100	0	6	207	0	0	368	0	0	0		23	105	106	104	103	103	100	803	0	41	67	0	53
5	1	274	236	重シールドアーム	77	156	0	485	243	983	0	146	0	13	141	128	68	0	0	0	0		23	100	363	101	100	100	100	201	0	219	219	100	144
5	1	275	237	試製跳躍電磁アックスA-0	115	2377	1	0	1323	378	0	250	0	6	300	0	128	0	9999	0	37	15	23	214	236	107	105	104	105	390	0	55	41	0	140
5	1	276	238	フロッグアイ試作	27	193	4	0	37	378	0	100	0	21	189	92	0	0	0	0	0		23	101	100	112	361	101	100	500	0	68	68	0	45
5	1	277	239	揺りかご	84	299	0	94	579	441	0	50	348	13	96	0	9	9	1	0	0		23	102	102	101	361	100	100	951	0	68	68	10	120
5	1	278	240	短銃身式粒子砲【ブラストマグナム】	34	732	4	0	70	378	0	50	46	13	169	234	92	0	12	0	32	40	23	363	102	101	100	100	100	320	0	19	19	0	35
5	1	279	241	瞬発脚部【ラピッドダッシュ改】	108	619	230	368	113	378	0	800	923	13	189	0	92	0	0	2100	0		23	100	104	110	361	100	100	411	0	56	56	0	119
5	1	280	242	ネスクイック	34	157	10	0	18	983	0	200	0	13	243	156	147	0	40	0	32	25	23	365	100	106	100	100	100	321	0	68	68	100	160
5	1	281	243	随伴兵・噴霧弾投擲	147	0	0	755	96	441	0	100	46	9	386	0	755	376	0	0	0		23	354	101	109	102	109	100	700	0	19	19	10	155
5	1	282	244	MU-MistDisp-01	147	0	0	754	96	441	0	100	23	2	404	0	754	376	0	0	0		23	100	100	156	329	107	100	700	0	114	19	10	155
5	1	284	245	試製精度照準障害誘発A-0	134	27	0	738	283	378	0	200	0	21	378	36	276	0	1	0	0		23	104	105	193	103	106	101	1050	0	18	18	0	135
5	1	285	246	試製耐火機体炎上誘発A-0	130	27	0	737	283	378	0	200	0	6	414	0	276	0	1	0	0		23	261	105	155	101	105	102	1060	0	81	41	0	131
5	1	286	247	レーダーA-1【僕様のすっごいレーダー】	11	464	0	92	94	378	0	100	0	9	396	0	0	0	0	0	0		23	147	107	229	139	116	163	780	0	81	56	0	12
5	1	287	248	おともだち	62	19	94	904	773	441	0	600	0	2	231	0	502	282	2	0	0		23	101	101	103	100	392	102	900	0	117	117	10	142
5	1	288	249	試製機動操縦棺C-0	20	75	0	1105	226	378	0	200	0	21	567	0	8	-137	1	0	0		23	232	101	109	193	101	100	102	0	56	56	0	22
5	1	289	250	試製AP回復榴弾砲A-0	31	2073	1	0	94	378	150	1200	0	9	471	276	92	0	3	0	51	5	23	102	102	104	104	107	104	344	0	39	81	0	163
5	1	290	251	試製耐粒頭部B-0	110	369	0	101	472	378	0	100	0	13	585	128	8	0	0	0	0		23	102	103	107	106	104	102	2	0	98	88	0	139
5	1	291	252	ドルフィンソナー	27	335	6	0	121	983	0	143	0	13	202	115	0	0	0	0	0		23	364	100	100	100	100	101	501	0	227	54	100	152
5	1	292	253	ウイルスA［物理］『独り善がりの愛』	62	9	394	0	810	983	0	700	490	6	911	0	593	148	0	0	63		23	365	101	102	100	111	110	905	0	19	19	100	64
5	1	293	254	C-GENE	5	580	0	0	1	680	0	50	0	2	99	0	0	48	0	0	0		23	104	149	131	316	100	102	602	0	68	68	50	60
5	1	294	255	試製索敵レーダーC-0	11	289	0	230	18	378	0	10	0	9	415	0	8	119	0	0	0		23	100	100	103	307	100	100	782	0	3	56	0	61
5	1	295	256	試製保証補助輪B-0	70	135	0	232	113	378	0	100	0	2	283	0	0	0	0	0	0		23	182	103	140	134	138	102	851	0	95	68	0	71
5	1	296	257	試製変形培養装置C-0	62	18	138	186	850	378	0	200	0	9	340	0	186	552	2	0	0		23	240	104	111	104	162	100	902	0	67	39	0	156
5	1	297	258	ブリューナク	115	373	20	0	7	983	0	100	0	6	282	147	137	0	40	0	32	45	23	101	357	106	103	100	101	391	0	94	94	100	122
5	1	298	259	灯火なき道を往く	108	369	204	1194	101	983	0	1100	839	13	405	0	148	0	1	2900	0		23	105	201	246	102	136	104	410	0	88	19	100	153
5	1	299	260	Cs-E-299	20	38	0	1272	173	441	0	204	0	9	676	0	235	0	1	0	0		23	297	101	105	178	102	102	104	0	82	82	10	118
5	1	300	261	Multiplestar	11	293	0	230	18	378	0	10	0	13	433	0	8	119	0	0	0		23	100	100	100	361	100	100	782	0	98	56	0	61
5	1	301	262	広域索敵支援端子【六花】	11	619	0	49	185	983	0	120	0	21	101	0	9	-148	0	0	0		23	101	101	148	298	102	133	783	0	226	3	100	92
5	1	302	263	《賢者の住居》	62	9	376	0	579	441	0	477	565	2	96	0	99	9	0	0	63		23	102	101	105	100	358	100	906	0	82	39	10	151
5	1	303	264	〈培養電池B〉	5	1572	0	0	1	983	0	500	0	13	303	0	0	236	0	0	0		23	104	100	102	100	369	101	601	0	68	68	100	44
5	1	305	265	試製AP回復雷球領域A-0	115	329	20	0	6	378	0	100	23	6	263	138	128	0	40	0	32	45	23	103	103	103	105	102	314	391	0	39	19	0	122
5	1	306	266	クマあし2.0	108	229	108	2765	141	983	0	1400	543	13	810	0	394	0	2	4600	0		23	101	360	106	102	101	102	412	0	94	94	100	109
5	1	307	267	KernelPanic	27	391	3	0	132	378	0	90	0	9	226	38	0	0	0	0	0		23	370	100	103	100	106	100	502	0	68	68	0	28
5	1	308	268	Vega	34	2227	1	0	1620	983	0	1300	0	6	504	156	296	0	3	0	51	5	23	367	100	113	110	102	100	322	0	41	67	100	52
5	1	309	269	R.I.P.JohnDoe	34	249	25	0	15	441	0	100	0	21	173	9	46	0	30	0	65	30	23	362	100	117	100	100	100	350	0	56	88	10	66
5	1	310	270	試製耐霊レーダーA-0	11	479	0	92	94	378	0	100	0	2	396	0	0	0	0	0	0		23	100	100	141	281	100	134	780	0	114	55	0	12
5	1	311	271	スタンワイヤー『ターミガン:T-AA』	36	362	4	0	28	441	0	100	0	6	790	27	340	0	13	0	37	60	23	213	101	271	100	120	100	368	0	41	18	10	38
5	1	312	272	decrypter	11	290	0	231	18	378	0	-36	0	9	415	0	8	119	0	0	0		23	101	101	150	327	117	101	782	0	82	82	0	61
5	1	313	273	試製旋回霊障装甲A-0	29	0	0	1382	1	378	0	350	23	2	1134	0	368	0	2	0	0		23	101	100	101	100	100	120	712	0	19	2	0	165
5	1	315	274	試製耐電ヒートソードA-0	123	1451	1	0	37	378	50	130	0	21	792	147	258	0	5	0	37	30	23	107	106	113	283	102	103	386	0	106	3	0	145
5	1	316	275	シアキャノン	125	147	0	208	708	983	0	300	0	2	101	18	520	395	0	0	0		23	126	103	111	103	342	103	1100	0	18	68	100	126
5	1	317	276	りゅうのねどこ	20	81	0	1299	243	983	0	200	0	21	607	0	9	-157	1	0	0		23	100	100	100	100	102	397	102	0	29	29	100	22
5	1	318	277	カイト	11	755	0	190	195	501	0	300	0	13	487	0	47	0	0	0	0		23	100	101	111	361	100	100	781	0	3	3	20	14
5	1	319	278	試製装甲電磁アックスA-0	115	2307	1	57	1323	378	0	250	0	6	282	0	128	0	9999	0	37	15	23	102	104	111	104	102	104	390	0	29	3	0	140
5	1	320	279	試製操縦棺D	20	57	0	1098	212	441	0	150	0	2	386	0	149	0	0	0	0		23	100	101	112	100	361	102	103	0	39	39	10	83
5	1	321	280	『ナイト・メア』	62	9	406	0	785	560	0	700	453	6	883	0	575	170	0	0	63		23	112	100	103	363	112	100	905	0	16	19	30	64
5	1	323	281	試製霊障エンジンA-0	5	920	0	0	1	378	0	300	0	21	189	0	0	184	0	0	0		23	100	197	185	133	100	100	600	0	2	2	0	25
5	1	324	282	フェイズ・アウト	90	0	0	0	119	680	0	-100	0	2	297	0	0	0	0	0	0		23	100	105	105	361	101	100	1300	0	56	56	50	91
5	1	325	283	Объект3234-2	99	48	0	4278	405	983	0	2223	592	21	1638	0	839	0	2	5600	0		23	100	100	101	100	373	100	432	0	106	219	100	100
5	1	326	284	試製保証焼夷機関砲B-0	79	68	52	0	1	378	7	1800	0	6	490	8	47	0	130	0	49	15	23	104	103	117	101	285	104	371	0	95	117	0	167
5	1	327	285	XBB-1_BANTOU_Mod.1	75	1765	1	57	405	983	0	70	0	21	667	98	197	0	9999	0	37	30	23	100	283	105	193	100	100	380	0	29	56	100	76
5	1	328	286	H-NC-T1	79	264	4	0	4	441	10	130	0	2	578	288	9	0	18	0	32	40	23	195	207	109	177	102	100	366	0	56	114	10	143
5	1	330	287	Zefram	5	987	0	0	1	983	0	300	0	21	202	0	0	197	0	0	0		23	100	213	157	197	100	100	600	0	56	56	100	25
5	1	332	288	エーテルの嵐	34	750	4	0	72	441	0	4	0	13	173	239	94	0	12	0	32	40	23	372	100	100	100	100	100	320	0	82	82	10	35
5	1	334	289	濃霧領域鎧『ミスティアリアス』	147	0	0	774	99	680	0	100	0	21	415	0	774	410	0	0	0		23	100	100	107	100	100	362	700	0	106	39	50	155
5	1	336	290	PRCV-01【サンフラワー】	62	9	376	0	579	441	0	500	646	2	96	0	94	9	0	0	63		23	102	101	374	100	106	100	906	0	19	19	10	151
5	1	337	291	試製耐物榴弾砲A-0	31	2074	1	0	94	378	150	1200	0	6	471	276	92	0	3	0	51	5	23	104	104	106	314	105	101	344	0	41	54	0	163
5	1	338	292	試製霊障術導肢A-0	86	165	0	507	189	378	0	200	0	21	189	156	119	0	0	0	0		23	102	103	108	288	105	102	250	0	2	40	0	107
5	1	339	293	試製索敵FCSB-0	27	296	6	0	113	378	0	120	0	13	189	74	0	0	0	0	0		23	137	102	139	138	103	101	501	0	3	88	0	152
5	1	340	294	電磁ブレード『ジルファニング』	115	2196	1	0	1134	378	0	200	0	6	717	73	230	0	9999	0	49	30	23	101	282	202	100	102	101	382	0	56	56	0	116
5	1	341	295	ユグドラシルの盆栽	5	1464	0	0	1	378	0	500	0	13	283	0	0	274	0	0	0		23	102	100	105	100	357	102	601	0	16	16	0	44
5	1	342	296	試製索敵軽ブースターA-0	8	172	269	0	245	378	0	100	0	9	189	0	0	557	0	0	0		23	114	104	139	137	197	137	800	0	3	94	0	10
5	1	343	297	EM-2N1”ルテリシュ”化学融合炉	5	987	0	57	1	983	0	300	0	21	202	0	0	205	0	0	0		23	115	115	139	135	102	286	600	0	29	2	100	25
5	1	345	298	試製AP回復放電コイルA-0	36	2073	1	0	1323	378	0	1100	0	9	453	73	276	0	3	0	49	5	23	102	218	109	177	106	104	360	0	39	117	0	137
5	1	347	299	試製貯水砲塔B-0	47	0	0	184	321	378	0	150	322	13	283	185	266	0	1	0	0		23	362	100	103	100	100	100	721	0	40	117	0	97
5	1	348	300	ブースターB型「日の舞」	8	213	288	0	378	378	0	100	0	6	151	0	0	387	0	0	0		23	165	103	150	234	138	105	801	0	56	55	0	26
5	1	349	301	試製霊障エンジンB-0	5	1440	0	0	1	378	0	500	0	13	283	0	0	221	0	0	0		23	102	104	110	104	284	108	601	0	2	117	0	44
5	1	350	302	試製機動デュアルブレードA-0	75	1582	2	0	378	378	0	250	0	2	659	48	211	0	16	0	51	50	23	343	105	106	103	106	101	381	0	56	114	0	146
5	1	351	303	試製噴霧FCSC-0	27	373	3	0	132	378	0	90	0	9	226	37	0	27	0	0	0		23	161	103	120	103	104	103	502	0	16	68	0	28
5	1	352	304	試製出力デュアルブレードA-0	75	1582	2	0	378	378	0	250	0	2	659	45	214	0	16	0	51	50	23	112	104	104	241	162	103	381	0	68	114	0	146
5	1	353	305	試製重量軽減レーダーA-0	11	460	0	92	94	378	0	77	0	2	378	0	0	0	0	0	0		23	102	106	101	105	102	108	780	0	82	2	0	12
5	1	354	306	試製耐粒腕部A-0	77	93	0	564	189	378	0	150	0	13	207	110	138	0	1	0	0		23	104	164	113	102	106	105	200	0	98	29	0	78
5	1	355	307	試製耐霊機関砲A-0	31	57	60	0	1	378	5	750	0	21	867	138	45	0	80	0	32	30	23	106	161	118	101	108	104	302	0	114	106	0	101
5	1	356	308	試製索敵FCSA-0	27	193	4	0	37	378	0	100	0	21	189	92	0	0	0	0	0		23	102	139	156	104	105	135	500	0	3	95	0	45
5	1	357	309	試製跳躍機関砲A-0	31	57	60	0	1	378	5	727	0	21	831	138	45	0	80	0	32	30	23	103	166	246	102	106	103	302	0	55	82	0	101
5	1	358	310	ポリッシュ	84	299	0	94	579	441	0	50	395	13	96	0	9	9	1	0	0		23	100	102	108	362	100	100	951	0	19	19	10	120
5	1	359	311	試製変形領域瞬間霊送箱A-0	90	0	0	0	113	378	0	-100	0	2	283	0	0	0	0	0	0		23	100	364	102	100	100	100	1300	0	67	3	0	91
5	1	360	312	試製耐粒榴弾砲A-0	31	2072	1	0	94	378	150	1200	0	21	489	276	92	0	3	0	51	5	23	100	182	102	100	100	100	344	0	98	106	0	163
5	1	361	313	試製噴霧電磁アックスA-0	115	2306	1	0	1323	378	0	250	0	6	282	0	133	27	9999	0	37	15	23	104	103	103	103	265	162	390	0	16	95	0	140
5	1	363	314	試製精度高速増殖培養槽A-0	158	189	0	184	75	378	0	100	0	6	340	18	276	552	0	0	0		23	100	302	110	100	100	100	1200	0	18	95	0	159
5	1	364	315	増殖綿毛A	158	202	0	197	81	983	0	100	0	6	364	0	295	592	0	0	0		23	101	100	101	368	100	101	1200	0	117	117	100	159
5	1	365	316	腕部ver2.3	77	95	0	558	196	560	0	150	0	9	196	114	151	0	1	0	0		23	100	100	111	100	361	100	200	0	95	95	30	78
5	1	366	317	試製霊障ヒートストリングA-0	123	395	4	0	9	378	5	20	0	9	793	202	45	0	20	0	32	40	23	102	100	329	100	100	100	394	0	2	95	0	124
5	1	367	318	カワイイ自動修復物理装甲	29	0	0	1581	1	983	0	350	0	6	1215	0	421	0	2	0	0		23	100	100	100	100	395	100	710	0	39	39	100	46
5	1	368	319	試製精度雷球領域A-0	115	343	20	0	6	378	0	100	0	13	281	156	128	0	40	0	32	45	23	102	288	126	103	106	102	391	0	18	98	0	122
5	1	369	320	試製変形パイルA-0	102	2506	1	0	94	378	140	100	0	13	812	0	276	0	1	0	49	30	23	104	106	115	284	104	101	384	0	67	55	0	113
5	1	370	321	試製跳躍パンツァークリンゲA-0	102	1676	1	0	18	378	20	170	0	13	849	0	350	0	8	0	51	46	23	103	178	181	137	103	102	393	0	55	117	0	164
5	1	372	322	ねこあしさしあし	58	729	0	390	200	800	0	600	9	2	218	0	97	0	0	1800	0		23	100	100	108	350	101	102	441	0	114	39	70	59
5	1	373	323	補助炉『鼓動』	5	987	0	0	24	983	0	277	0	21	202	0	0	198	0	0	0		23	134	229	170	133	101	121	600	0	229	82	100	25
5	1	374	324	試製飛行領域殲滅兵器A-0	125	138	0	241	661	378	0	300	0	2	94	0	460	368	0	0	0		23	101	105	117	102	102	102	1100	0	88	29	0	126
5	1	375	325	SD-スチールプレート	29	0	0	1481	1	983	0	350	0	6	1215	0	394	0	2	0	0		23	100	351	103	100	101	103	710	0	94	94	100	46
5	1	378	326	絶雷刀『雷切』	102	1838	1	0	20	983	20	170	0	21	928	0	374	0	8	0	51	46	23	102	282	104	191	101	100	393	0	94	106	100	164
5	1	380	327	シアンフィレット	8	183	283	0	255	560	0	100	0	9	196	0	0	574	0	0	0		23	100	244	191	102	101	103	800	0	94	94	30	10
5	1	381	328	中鳥脚A	108	356	184	1105	94	378	0	1100	737	13	378	0	137	0	1	2900	0		23	100	100	103	357	101	100	410	0	39	39	0	153
5	1	382	329	見えるんです。	11	740	0	201	202	983	0	300	0	21	524	0	50	0	0	0	0		23	242	100	108	101	200	100	781	0	39	106	100	14
5	1	383	330	試製索敵操縦棺D-0	20	56	0	1021	207	378	0	150	0	2	378	0	139	0	0	0	0		23	100	165	223	133	133	100	103	0	3	67	0	83
5	1	384	331	試製耐粒領域殲滅兵器A-0	125	144	0	184	661	378	0	300	0	13	112	0	460	395	0	0	0		23	102	102	103	310	104	103	1100	0	98	16	0	126
5	1	385	332	試製跳躍焼夷機関砲B-0	79	70	52	0	1	378	7	1800	23	6	490	8	45	0	130	0	49	15	23	179	103	125	115	102	103	371	0	55	19	0	167
5	1	386	333	試製臂力粒子スピアA-0	75	1714	1	0	283	378	0	200	0	21	546	139	138	0	9999	0	49	40	23	152	103	111	100	112	104	388	0	94	106	0	112
5	1	387	334	試製卵物理装甲A-0	29	0	0	1382	1	378	0	350	0	6	1134	0	368	0	2	0	0		23	103	104	107	101	101	104	710	0	117	3	0	46
5	1	388	335	試製飛行粒子ブレードA-0	75	1582	1	0	378	378	0	70	0	21	641	94	185	0	9999	0	37	30	23	212	105	143	149	138	101	380	0	88	106	0	76
5	1	389	336	試製耐電軽車輪A-0	58	651	0	368	189	378	0	600	8	21	207	0	92	0	0	1800	0		23	102	101	105	102	105	104	441	0	106	68	0	59
5	1	390	337	ピクセラウイルスA（生産者の顔つき）	62	8	369	0	756	378	0	700	438	6	850	0	553	137	0	0	63		23	102	102	351	106	106	100	905	0	117	117	0	64
5	1	391	338	試製飛行雷球領域A-0	115	329	20	0	6	378	0	100	0	6	263	156	128	0	40	0	32	45	23	102	103	111	313	103	102	391	0	88	18	0	122
5	1	392	339	試製耐粒エンジンB-0	5	1383	0	0	1	378	0	500	0	13	301	0	0	221	0	0	0		23	101	235	139	133	104	106	601	0	98	94	0	44
5	1	393	340	試製保証デュアルブレードA-0	75	1582	2	0	378	378	0	250	0	2	659	45	211	0	16	0	51	50	23	100	103	114	105	103	102	381	0	95	114	0	146
5	1	394	341	試製臂力電子装甲A-0	29	0	0	1393	1	378	0	350	0	21	1134	0	371	27	2	0	0		23	136	176	114	135	136	104	713	0	94	16	0	223
5	1	395	342	試製霊障ウィルスB-0	62	8	385	0	567	378	0	500	575	2	94	0	92	8	0	0	63		23	100	100	100	296	100	100	906	0	2	19	0	151
5	1	396	343	精神感応式操縦機構	20	101	0	1494	202	983	0	300	0	6	810	0	325	0	1	0	0		23	146	150	150	147	139	148	100	0	40	39	100	42
5	1	397	344	試製耐電霊障装甲A-0	29	0	0	1382	1	378	0	350	0	21	1152	0	368	0	2	0	0		23	101	102	106	104	101	104	712	0	106	55	0	165
5	1	398	345	操縦棺A“kennel”	20	94	0	1382	189	378	0	300	0	6	756	0	276	0	1	0	0		23	282	100	103	191	100	100	100	0	56	56	0	42
5	1	399	346	おともだち	86	187	0	543	202	983	0	223	0	21	202	167	98	0	0	0	0		23	100	100	108	115	101	339	250	0	228	2	100	107
5	1	400	347	試製出力軽多脚A-0	1	555	140	1086	810	983	0	900	1041	2	202	0	197	0	0	3600	0		23	101	310	163	104	103	104	421	0	68	68	100	4
5	1	401	348	ヘビー・ブレイズ	79	78	52	0	1	983	7	1846	0	6	526	74	49	0	130	0	49	15	23	355	100	106	100	103	100	371	0	227	227	100	167
5	1	402	349	試製耐物高射砲A-0	31	172	8	0	2	378	10	450	0	6	376	193	184	0	24	0	128	20	23	112	114	102	104	112	101	355	0	41	39	0	166
5	1	403	350	試製変形焼夷機関砲B-0	79	68	52	0	1	378	7	1800	0	9	508	8	45	0	130	0	49	15	23	103	100	114	104	101	103	371	0	67	81	0	167
5	1	404	351	404[Blanc]_found	90	0	0	0	121	983	0	-100	0	21	321	0	0	0	0	0	0		23	101	104	213	100	101	259	1300	0	106	95	100	91
5	1	406	352	ヤスオレーダーⅢ	11	630	0	49	162	983	0	120	0	21	137	0	9	-147	0	0	0		23	102	103	102	376	101	100	783	0	98	106	100	92
5	1	407	353	試製飛行制動障害誘発A-0	104	27	0	737	283	378	0	200	0	6	378	18	276	0	1	0	0		23	102	103	106	102	102	100	1010	0	88	18	0	105
5	1	409	354	ポワント	8	213	295	0	390	501	0	100	0	6	156	0	0	448	0	0	0		23	101	102	105	102	102	342	801	0	16	54	20	26
5	1	412	355	試製耐火頭部A-0	110	0	0	506	18	378	0	150	0	9	207	111	92	0	0	0	0		23	161	100	108	101	102	104	1	0	81	88	0	157
5	1	414	356	USys-02『鉛の女』	5	562	0	57	1	378	0	50	0	6	112	0	0	45	0	0	0		23	100	287	100	100	176	100	602	0	29	41	0	60
5	1	415	357	試製卵デュアルブレードA-0	75	1581	2	0	378	378	0	250	23	21	641	45	211	0	16	0	51	50	23	100	100	101	100	102	102	381	0	117	19	0	146
5	1	416	358	試製卵狙撃砲A-0	31	2418	1	0	189	378	160	1100	0	9	396	552	73	0	1	0	49	30	23	100	101	101	100	101	102	348	0	117	94	0	50
5	1	418	359	試製卵粒子スピアA-0	75	1713	1	0	283	378	0	200	0	21	528	137	137	0	9999	0	49	40	23	100	102	100	100	100	103	388	0	117	117	0	112
5	1	419	360	試製臂力速射パルス砲A-0	34	137	10	0	17	378	0	200	0	21	244	137	137	0	40	0	32	25	23	101	101	102	100	100	101	321	0	94	106	0	160
5	1	420	361	調整レーダー2	11	479	0	92	117	378	0	100	0	2	378	0	0	0	0	0	0		23	100	100	100	281	100	100	780	0	229	0	0	12
5	1	421	362	試製耐物レーダーE-0	11	368	0	276	283	378	0	150	92	6	433	0	92	0	0	0	0		23	100	100	100	100	100	100	784	0	41	95	0	150
5	1	422	363	壊れた砲塔	47	0	0	632	378	378	0	323	388	9	378	137	276	0	1	0	0		23	100	100	339	100	100	100	720	0	219	0	0	48
5	1	423	364	索敵レーダー	11	468	0	150	94	378	0	100	0	2	378	0	0	0	0	0	0		23	100	100	133	176	176	100	780	0	29	0	0	12
5	1	424	365	Trine-P	11	728	0	184	189	378	0	300	0	13	472	0	45	0	0	0	0		23	100	100	100	339	100	100	781	0	95	0	0	14
5	1	425	366	複合レーダー	11	368	0	287	283	378	0	150	92	6	415	0	95	0	0	0	0		23	100	100	100	100	281	100	784	0	39	0	0	150
5	1	426	367	8.8cmPaK43-遺物復元品-	31	2460	1	0	189	378	160	1100	0	9	396	562	74	0	1	0	49	30	23	176	100	100	133	133	133	348	0	68	0	0	50
5	1	427	368	虚無頭部A-機動	110	0	0	506	18	378	0	150	0	6	189	110	92	0	0	0	0		23	100	100	339	100	100	100	1	0	56	0	0	157
5	1	428	369	MAKES_ME_ILL	20	0	0	920	212	378	0	100	0	13	189	0	45	0	0	0	0		23	100	100	133	100	100	309	101	0	229	0	0	57
5	1	429	370	虚無操縦棺D-装甲	20	56	0	1070	207	378	0	150	0	2	378	0	137	0	0	0	0		23	100	100	100	100	100	339	103	0	29	0	0	83
5	1	430	371	なんかもうすごい！	125	137	0	184	661	378	0	300	0	2	94	0	460	379	0	0	0		23	100	100	100	100	100	233	1100	0	2	0	0	126
5	1	0	372	B品購入	172	0				300				0							0		24							-1	0	0	0	0	173
5	1	0	373	生体電池手術	172	192				384				0							0		24							-2	0	0	0	0	174
5	1	0	374	生体部品手術	172	38				384		25		0							0		24							-3	0	0	0	0	175
5	1	0	375	バイオ融合手術	172	9		9		384				0							0		24							-4	0	0	0	0	176
5	1	0	376	空挺攻撃要請	172	0				3000				0							0		24							-5	0	0	0	0	177
5	1	0	377	航空支援要請	172	0				3000				0							0		24							-6	0	0	0	0	178
5	1	0	378	ベット	172	0				3000				0							0		24							-7	0	0	0	0	179
5	1	0	379	白兎契約	172	0				300				0							0		24							-8	0	0	0	0	180
5	1	0	380	ヒルコ契約	172	0				300				0							0		24							-9	0	0	0	0	181
5	1	0	381	シルウェストリス契約	172	0				300				0							0		24							-10	0	0	0	0	182
5	1	0	382	マテリアルベルト契約	172	0				300				0							0		24							-11	0	0	0	0	183
5	1	0	383	コロッセオ契約	172	0				300				0							0		24							-12	0	0	0	0	184
5	1	0	384	勢力変更	172	0				1000				0							0		24							-13	0	0	0	0	185
