result_no	generate_no	e_no	division_type	proper_name_id	num	
5	1	0	0	5	3
5	1	0	0	8	1
5	1	0	0	62	1
5	1	0	0	77	1
5	1	0	0	84	1
5	1	0	0	102	2
5	1	0	0	123	1
5	1	0	0	172	1
5	1	0	1	44	1
5	1	0	1	53	1
5	1	0	1	64	1
5	1	0	1	113	1
5	1	0	1	120	1
5	1	0	1	121	2
5	1	0	1	124	1
5	1	0	1	144	1
5	1	0	1	164	1
5	1	0	1	183	1
5	1	1	0	5	2
5	1	1	0	8	2
5	1	1	0	11	5
5	1	1	1	7	2
5	1	1	1	10	2
5	1	1	1	12	4
5	1	1	1	14	1
5	1	2	0	5	2
5	1	2	0	20	1
5	1	2	0	27	1
5	1	2	0	31	1
5	1	2	0	47	1
5	1	2	0	110	1
5	1	2	1	28	1
5	1	2	1	42	1
5	1	2	1	44	2
5	1	2	1	48	1
5	1	2	1	50	1
5	1	2	1	157	1
5	1	9	0	5	2
5	1	9	0	8	1
5	1	9	0	20	1
5	1	9	0	62	1
5	1	9	0	77	1
5	1	9	0	79	1
5	1	9	0	84	1
5	1	9	0	108	1
5	1	9	0	123	1
5	1	9	0	134	1
5	1	9	1	26	1
5	1	9	1	42	1
5	1	9	1	44	2
5	1	9	1	78	1
5	1	9	1	120	1
5	1	9	1	124	1
5	1	9	1	135	1
5	1	9	1	143	1
5	1	9	1	151	1
5	1	9	1	153	1
5	1	10	0	5	2
5	1	10	0	20	1
5	1	10	0	27	1
5	1	10	0	34	1
5	1	10	0	77	1
5	1	10	0	84	2
5	1	10	0	99	1
5	1	10	0	115	1
5	1	10	1	28	1
5	1	10	1	42	1
5	1	10	1	44	2
5	1	10	1	66	1
5	1	10	1	78	1
5	1	10	1	85	1
5	1	10	1	120	1
5	1	10	1	122	1
5	1	10	1	136	1
5	1	11	0	5	3
5	1	11	0	20	1
5	1	11	0	62	1
5	1	11	0	84	2
5	1	11	0	86	1
5	1	11	0	108	1
5	1	11	0	147	2
5	1	11	1	42	1
5	1	11	1	44	3
5	1	11	1	64	1
5	1	11	1	85	1
5	1	11	1	107	1
5	1	11	1	109	1
5	1	11	1	120	1
5	1	11	1	155	2
5	1	12	0	1	1
5	1	12	0	5	4
5	1	12	0	8	2
5	1	12	0	20	1
5	1	12	0	75	1
5	1	12	0	102	1
5	1	12	0	110	1
5	1	12	1	4	1
5	1	12	1	7	4
5	1	12	1	10	2
5	1	12	1	83	1
5	1	12	1	111	1
5	1	12	1	112	1
5	1	12	1	113	1
5	1	13	0	1	1
5	1	13	0	5	3
5	1	13	0	8	4
5	1	13	0	20	1
5	1	13	0	84	1
5	1	13	0	115	1
5	1	13	1	42	1
5	1	13	1	43	1
5	1	13	1	44	3
5	1	13	1	53	4
5	1	13	1	85	1
5	1	13	1	116	1
5	1	14	0	5	2
5	1	14	0	8	3
5	1	14	0	20	1
5	1	14	0	75	2
5	1	14	0	77	1
5	1	14	0	108	1
5	1	14	0	110	1
5	1	14	1	26	2
5	1	14	1	44	2
5	1	14	1	53	1
5	1	14	1	112	2
5	1	14	1	118	1
5	1	14	1	119	1
5	1	14	1	139	1
5	1	14	1	144	1
5	1	15	0	1	1
5	1	15	0	5	3
5	1	15	0	8	1
5	1	15	0	20	1
5	1	15	0	62	1
5	1	15	0	90	1
5	1	15	0	125	2
5	1	15	0	147	1
5	1	15	1	42	1
5	1	15	1	43	1
5	1	15	1	44	3
5	1	15	1	53	1
5	1	15	1	64	1
5	1	15	1	91	1
5	1	15	1	126	2
5	1	15	1	148	1
5	1	16	0	1	1
5	1	16	0	5	3
5	1	16	0	20	1
5	1	16	0	34	1
5	1	16	0	70	3
5	1	16	0	72	1
5	1	16	0	75	1
5	1	16	1	57	1
5	1	16	1	60	3
5	1	16	1	71	3
5	1	16	1	73	1
5	1	16	1	76	1
5	1	16	1	127	1
5	1	16	1	129	1
5	1	17	0	5	1
5	1	17	0	20	1
5	1	17	0	27	1
5	1	17	0	29	1
5	1	17	0	31	2
5	1	17	0	47	2
5	1	17	1	42	1
5	1	17	1	44	1
5	1	17	1	46	1
5	1	17	1	48	2
5	1	17	1	50	2
5	1	17	1	152	1
5	1	18	0	5	2
5	1	18	0	11	5
5	1	18	0	20	1
5	1	18	0	23	1
5	1	18	0	79	1
5	1	18	0	84	1
5	1	18	1	12	1
5	1	18	1	14	3
5	1	18	1	42	1
5	1	18	1	44	1
5	1	18	1	69	1
5	1	18	1	120	1
5	1	18	1	121	1
5	1	18	1	150	1
5	1	18	1	167	1
5	1	19	0	1	1
5	1	19	0	5	3
5	1	19	0	8	1
5	1	19	0	20	1
5	1	19	0	31	1
5	1	19	0	34	1
5	1	19	0	77	1
5	1	19	0	84	1
5	1	19	1	7	3
5	1	19	1	43	1
5	1	19	1	53	1
5	1	19	1	78	1
5	1	19	1	83	1
5	1	19	1	85	1
5	1	19	1	101	1
5	1	19	1	160	1
5	1	20	0	5	2
5	1	20	0	20	1
5	1	20	0	34	3
5	1	20	0	47	1
5	1	20	0	77	1
5	1	20	0	84	2
5	1	20	0	108	1
5	1	20	1	42	1
5	1	20	1	44	2
5	1	20	1	48	1
5	1	20	1	66	3
5	1	20	1	85	2
5	1	20	1	119	1
5	1	20	1	144	1
5	1	21	0	5	1
5	1	21	0	11	2
5	1	21	0	108	1
5	1	21	1	7	1
5	1	21	1	14	2
5	1	21	1	119	1
5	1	22	0	5	2
5	1	22	0	8	1
5	1	22	0	11	1
5	1	22	0	20	1
5	1	22	0	23	1
5	1	22	0	70	2
5	1	22	0	75	1
5	1	22	0	77	1
5	1	22	0	115	1
5	1	22	1	14	1
5	1	22	1	24	1
5	1	22	1	26	1
5	1	22	1	42	1
5	1	22	1	44	2
5	1	22	1	93	2
5	1	22	1	112	1
5	1	22	1	122	1
5	1	22	1	144	1
5	1	23	0	5	2
5	1	23	0	8	1
5	1	23	0	11	3
5	1	23	0	20	1
5	1	23	0	62	2
5	1	23	0	108	1
5	1	23	0	158	1
5	1	23	1	14	2
5	1	23	1	42	1
5	1	23	1	44	2
5	1	23	1	53	1
5	1	23	1	61	1
5	1	23	1	142	1
5	1	23	1	153	1
5	1	23	1	156	1
5	1	23	1	159	1
5	1	24	0	5	2
5	1	24	0	8	1
5	1	24	0	34	1
5	1	24	0	58	1
5	1	24	0	77	1
5	1	24	0	84	2
5	1	24	0	90	1
5	1	24	0	115	1
5	1	24	1	35	1
5	1	24	1	53	1
5	1	24	1	59	1
5	1	24	1	91	1
5	1	24	1	120	2
5	1	24	1	121	2
5	1	24	1	122	1
5	1	24	1	144	1
5	1	25	0	1	1
5	1	25	0	5	2
5	1	25	0	20	1
5	1	25	0	27	1
5	1	25	0	47	2
5	1	25	0	77	1
5	1	25	0	79	1
5	1	25	0	84	1
5	1	25	0	102	1
5	1	25	1	25	1
5	1	25	1	28	1
5	1	25	1	42	1
5	1	25	1	44	1
5	1	25	1	48	1
5	1	25	1	78	1
5	1	25	1	97	1
5	1	25	1	120	1
5	1	25	1	127	1
5	1	25	1	143	1
5	1	25	1	164	1
5	1	26	0	5	2
5	1	26	0	8	1
5	1	26	0	11	3
5	1	26	0	20	1
5	1	26	0	23	1
5	1	26	0	34	1
5	1	26	0	70	2
5	1	26	1	12	1
5	1	26	1	35	1
5	1	26	1	44	2
5	1	26	1	53	1
5	1	26	1	71	2
5	1	26	1	83	1
5	1	26	1	89	1
5	1	26	1	92	2
5	1	27	0	5	2
5	1	27	0	11	4
5	1	27	0	20	1
5	1	27	0	58	1
5	1	27	0	70	1
5	1	27	0	90	2
5	1	27	1	12	1
5	1	27	1	42	1
5	1	27	1	44	2
5	1	27	1	59	1
5	1	27	1	91	2
5	1	27	1	92	3
5	1	27	1	93	1
5	1	28	0	5	2
5	1	28	0	8	2
5	1	28	0	20	1
5	1	28	0	23	1
5	1	28	0	70	2
5	1	28	0	77	1
5	1	28	0	79	1
5	1	28	0	115	1
5	1	28	1	26	1
5	1	28	1	44	1
5	1	28	1	53	1
5	1	28	1	57	1
5	1	28	1	60	1
5	1	28	1	71	2
5	1	28	1	80	1
5	1	28	1	89	1
5	1	28	1	122	1
5	1	28	1	144	1
5	1	29	0	1	1
5	1	29	0	5	3
5	1	29	0	47	2
5	1	29	0	77	1
5	1	29	0	79	1
5	1	29	0	90	1
5	1	29	1	44	3
5	1	29	1	48	2
5	1	29	1	78	1
5	1	29	1	91	1
5	1	29	1	127	1
5	1	29	1	167	1
5	1	30	0	5	2
5	1	30	0	8	1
5	1	30	0	11	3
5	1	30	0	20	1
5	1	30	0	58	1
5	1	30	0	70	2
5	1	30	0	75	1
5	1	30	1	12	1
5	1	30	1	44	2
5	1	30	1	53	1
5	1	30	1	57	1
5	1	30	1	59	1
5	1	30	1	92	2
5	1	30	1	93	2
5	1	30	1	112	1
5	1	31	0	5	3
5	1	31	0	20	1
5	1	31	0	47	3
5	1	31	0	58	1
5	1	31	0	70	2
5	1	31	0	75	1
5	1	31	1	57	1
5	1	31	1	59	1
5	1	31	1	60	3
5	1	31	1	71	2
5	1	31	1	76	1
5	1	31	1	97	3
5	1	32	0	1	1
5	1	32	0	5	2
5	1	32	0	20	1
5	1	32	0	29	2
5	1	32	0	47	3
5	1	32	0	77	1
5	1	32	0	79	1
5	1	32	1	30	1
5	1	32	1	42	1
5	1	32	1	43	1
5	1	32	1	44	2
5	1	32	1	48	3
5	1	32	1	144	1
5	1	32	1	165	1
5	1	32	1	167	1
5	1	33	0	5	2
5	1	33	0	8	2
5	1	33	0	77	1
5	1	33	0	84	2
5	1	33	0	102	3
5	1	33	1	44	2
5	1	33	1	53	2
5	1	33	1	113	2
5	1	33	1	120	2
5	1	33	1	144	1
5	1	33	1	164	1
5	1	34	0	5	2
5	1	34	0	11	3
5	1	34	0	20	1
5	1	34	0	58	1
5	1	34	0	70	2
5	1	34	0	84	1
5	1	34	0	90	1
5	1	34	1	14	2
5	1	34	1	44	2
5	1	34	1	57	1
5	1	34	1	59	1
5	1	34	1	91	1
5	1	34	1	92	1
5	1	34	1	93	2
5	1	34	1	120	1
5	1	35	0	5	2
5	1	35	0	8	1
5	1	35	0	20	1
5	1	35	0	23	1
5	1	35	0	34	1
5	1	35	0	70	1
5	1	35	0	75	1
5	1	35	0	77	1
5	1	35	0	84	1
5	1	35	0	110	1
5	1	35	1	24	1
5	1	35	1	44	2
5	1	35	1	53	1
5	1	35	1	83	1
5	1	35	1	93	1
5	1	35	1	111	1
5	1	35	1	120	1
5	1	35	1	144	1
5	1	35	1	146	1
5	1	35	1	160	1
5	1	36	0	5	2
5	1	36	0	8	2
5	1	36	0	11	5
5	1	36	0	20	1
5	1	36	0	58	1
5	1	36	1	14	1
5	1	36	1	25	1
5	1	36	1	26	2
5	1	36	1	44	1
5	1	36	1	57	1
5	1	36	1	59	1
5	1	36	1	92	4
5	1	37	0	5	2
5	1	37	0	8	1
5	1	37	0	20	1
5	1	37	0	34	1
5	1	37	0	70	1
5	1	37	0	75	1
5	1	37	0	77	1
5	1	37	0	84	2
5	1	37	0	108	1
5	1	37	1	35	1
5	1	37	1	42	1
5	1	37	1	44	2
5	1	37	1	53	1
5	1	37	1	78	1
5	1	37	1	85	2
5	1	37	1	93	1
5	1	37	1	112	1
5	1	37	1	119	1
5	1	38	0	5	1
5	1	38	0	11	5
5	1	38	0	70	1
5	1	38	0	84	1
5	1	38	0	108	1
5	1	38	1	14	3
5	1	38	1	44	1
5	1	38	1	93	1
5	1	38	1	119	1
5	1	38	1	120	1
5	1	38	1	150	2
5	1	39	0	5	3
5	1	39	0	20	1
5	1	39	0	23	1
5	1	39	0	77	1
5	1	39	0	90	2
5	1	39	0	115	2
5	1	39	1	44	2
5	1	39	1	57	1
5	1	39	1	60	1
5	1	39	1	89	1
5	1	39	1	91	2
5	1	39	1	122	2
5	1	39	1	144	1
5	1	40	0	5	3
5	1	40	0	20	1
5	1	40	0	62	3
5	1	40	0	84	1
5	1	40	0	99	1
5	1	40	0	158	1
5	1	40	1	42	1
5	1	40	1	44	3
5	1	40	1	64	3
5	1	40	1	120	1
5	1	40	1	138	1
5	1	40	1	159	1
5	1	41	0	5	2
5	1	41	0	8	2
5	1	41	0	11	2
5	1	41	0	20	1
5	1	41	0	34	1
5	1	41	0	58	1
5	1	41	0	77	1
5	1	41	0	115	1
5	1	41	1	44	2
5	1	41	1	53	2
5	1	41	1	59	1
5	1	41	1	66	1
5	1	41	1	83	1
5	1	41	1	92	2
5	1	41	1	122	1
5	1	41	1	144	1
5	1	42	0	1	1
5	1	42	0	5	2
5	1	42	0	20	1
5	1	42	0	27	1
5	1	42	0	34	1
5	1	42	0	77	1
5	1	42	0	84	2
5	1	42	0	104	1
5	1	42	0	134	1
5	1	42	1	28	1
5	1	42	1	42	1
5	1	42	1	44	2
5	1	42	1	66	1
5	1	42	1	78	1
5	1	42	1	105	1
5	1	42	1	120	2
5	1	42	1	127	1
5	1	42	1	135	1
5	1	43	0	5	3
5	1	43	0	8	3
5	1	43	0	20	1
5	1	43	0	77	1
5	1	43	0	79	1
5	1	43	0	102	1
5	1	43	0	108	1
5	1	43	1	7	3
5	1	43	1	10	3
5	1	43	1	78	1
5	1	43	1	83	1
5	1	43	1	103	1
5	1	43	1	143	1
5	1	43	1	153	1
5	1	44	0	5	2
5	1	44	0	20	1
5	1	44	0	23	1
5	1	44	0	34	1
5	1	44	0	70	1
5	1	44	0	77	1
5	1	44	0	84	2
5	1	44	0	115	1
5	1	44	0	134	1
5	1	44	1	25	1
5	1	44	1	42	1
5	1	44	1	44	1
5	1	44	1	66	1
5	1	44	1	89	1
5	1	44	1	93	1
5	1	44	1	120	2
5	1	44	1	122	1
5	1	44	1	135	1
5	1	44	1	144	1
5	1	45	0	5	2
5	1	45	0	20	1
5	1	45	0	27	1
5	1	45	0	34	1
5	1	45	0	47	1
5	1	45	0	62	1
5	1	45	0	99	1
5	1	45	0	147	3
5	1	45	1	25	1
5	1	45	1	28	1
5	1	45	1	42	1
5	1	45	1	44	1
5	1	45	1	48	1
5	1	45	1	64	1
5	1	45	1	66	1
5	1	45	1	136	1
5	1	45	1	148	2
5	1	45	1	155	1
5	1	46	0	5	2
5	1	46	0	8	3
5	1	46	0	11	3
5	1	46	0	84	1
5	1	46	0	108	1
5	1	46	1	10	1
5	1	46	1	12	1
5	1	46	1	14	2
5	1	46	1	25	1
5	1	46	1	26	1
5	1	46	1	44	1
5	1	46	1	53	1
5	1	46	1	119	1
5	1	46	1	120	1
5	1	47	0	5	2
5	1	47	0	8	2
5	1	47	0	20	1
5	1	47	0	29	4
5	1	47	0	62	1
5	1	47	0	99	1
5	1	47	1	26	2
5	1	47	1	30	1
5	1	47	1	42	1
5	1	47	1	44	2
5	1	47	1	46	2
5	1	47	1	64	1
5	1	47	1	100	1
5	1	47	1	223	1
5	1	48	0	1	1
5	1	48	0	5	3
5	1	48	0	20	1
5	1	48	0	29	1
5	1	48	0	34	2
5	1	48	0	62	2
5	1	48	0	158	1
5	1	48	1	42	1
5	1	48	1	43	1
5	1	48	1	44	3
5	1	48	1	46	1
5	1	48	1	52	1
5	1	48	1	64	1
5	1	48	1	66	1
5	1	48	1	142	1
5	1	48	1	159	1
5	1	49	0	5	1
5	1	49	0	20	1
5	1	49	0	27	1
5	1	49	0	29	2
5	1	49	0	31	2
5	1	49	0	47	2
5	1	49	0	99	1
5	1	49	1	42	1
5	1	49	1	44	1
5	1	49	1	45	1
5	1	49	1	46	2
5	1	49	1	48	2
5	1	49	1	50	2
5	1	49	1	100	1
5	1	50	0	5	3
5	1	50	0	8	1
5	1	50	0	84	1
5	1	50	0	90	3
5	1	50	0	110	1
5	1	50	0	115	1
5	1	50	1	10	1
5	1	50	1	60	3
5	1	50	1	91	3
5	1	50	1	116	1
5	1	50	1	120	1
5	1	50	1	139	1
5	1	51	0	1	1
5	1	51	0	5	2
5	1	51	0	8	1
5	1	51	0	11	5
5	1	51	0	20	1
5	1	51	0	47	1
5	1	51	1	4	1
5	1	51	1	14	4
5	1	51	1	42	1
5	1	51	1	44	2
5	1	51	1	48	1
5	1	51	1	53	1
5	1	51	1	92	1
5	1	52	0	1	1
5	1	52	0	5	2
5	1	52	0	20	1
5	1	52	0	29	4
5	1	52	0	86	2
5	1	52	0	147	1
5	1	52	1	30	1
5	1	52	1	42	1
5	1	52	1	43	1
5	1	52	1	44	2
5	1	52	1	107	2
5	1	52	1	148	1
5	1	52	1	223	3
5	1	53	0	11	4
5	1	53	0	20	1
5	1	53	0	47	1
5	1	53	0	62	2
5	1	53	0	84	1
5	1	53	0	99	1
5	1	53	0	132	1
5	1	53	1	14	4
5	1	53	1	42	1
5	1	53	1	97	1
5	1	53	1	120	1
5	1	53	1	133	1
5	1	53	1	138	1
5	1	53	1	151	2
5	1	54	0	1	1
5	1	54	0	5	2
5	1	54	0	20	1
5	1	54	0	29	2
5	1	54	0	31	1
5	1	54	0	62	1
5	1	54	0	102	1
5	1	54	0	147	2
5	1	54	1	42	1
5	1	54	1	43	1
5	1	54	1	44	2
5	1	54	1	46	1
5	1	54	1	50	1
5	1	54	1	113	1
5	1	54	1	148	2
5	1	54	1	156	1
5	1	54	1	222	1
5	1	55	0	1	1
5	1	55	0	5	3
5	1	55	0	20	1
5	1	55	0	70	3
5	1	55	0	77	1
5	1	55	0	115	1
5	1	55	1	44	2
5	1	55	1	57	1
5	1	55	1	60	1
5	1	55	1	93	3
5	1	55	1	122	1
5	1	55	1	127	1
5	1	55	1	144	1
5	1	56	0	5	3
5	1	56	0	8	2
5	1	56	0	20	1
5	1	56	0	58	1
5	1	56	0	84	2
5	1	56	0	90	1
5	1	56	0	115	1
5	1	56	1	44	1
5	1	56	1	53	2
5	1	56	1	57	1
5	1	56	1	59	1
5	1	56	1	60	2
5	1	56	1	91	1
5	1	56	1	120	2
5	1	56	1	140	1
5	1	57	0	8	4
5	1	57	0	11	5
5	1	57	0	20	1
5	1	57	0	23	1
5	1	57	1	14	3
5	1	57	1	22	1
5	1	57	1	53	4
5	1	57	1	89	1
5	1	57	1	92	2
5	1	58	0	1	1
5	1	58	0	5	2
5	1	58	0	20	1
5	1	58	0	27	1
5	1	58	0	29	1
5	1	58	0	34	1
5	1	58	0	47	1
5	1	58	0	102	1
5	1	58	0	132	1
5	1	58	0	134	1
5	1	58	1	28	1
5	1	58	1	42	1
5	1	58	1	44	2
5	1	58	1	46	1
5	1	58	1	48	1
5	1	58	1	52	1
5	1	58	1	113	1
5	1	58	1	127	1
5	1	58	1	133	1
5	1	58	1	135	1
5	1	59	0	1	1
5	1	59	0	5	3
5	1	59	0	11	1
5	1	59	0	20	1
5	1	59	0	70	4
5	1	59	0	75	1
5	1	59	1	57	1
5	1	59	1	60	3
5	1	59	1	61	1
5	1	59	1	71	4
5	1	59	1	76	1
5	1	59	1	127	1
5	1	60	0	5	2
5	1	60	0	11	5
5	1	60	0	20	1
5	1	60	0	58	1
5	1	60	0	70	2
5	1	60	1	14	2
5	1	60	1	44	1
5	1	60	1	57	1
5	1	60	1	59	1
5	1	60	1	60	1
5	1	60	1	92	3
5	1	60	1	93	2
5	1	61	0	1	1
5	1	61	0	5	3
5	1	61	0	8	2
5	1	61	0	29	2
5	1	61	0	110	1
5	1	61	0	115	1
5	1	61	1	43	1
5	1	61	1	44	2
5	1	61	1	53	2
5	1	61	1	60	1
5	1	61	1	116	1
5	1	61	1	139	1
5	1	61	1	165	1
5	1	61	1	222	1
5	1	62	0	5	2
5	1	62	0	20	1
5	1	62	0	23	1
5	1	62	0	47	1
5	1	62	0	79	1
5	1	62	0	90	4
5	1	62	0	123	1
5	1	62	1	42	1
5	1	62	1	44	2
5	1	62	1	48	1
5	1	62	1	80	1
5	1	62	1	89	1
5	1	62	1	91	4
5	1	62	1	145	1
5	1	63	0	5	2
5	1	63	0	8	2
5	1	63	0	11	4
5	1	63	0	20	1
5	1	63	0	58	1
5	1	63	0	70	1
5	1	63	1	14	1
5	1	63	1	44	2
5	1	63	1	53	2
5	1	63	1	57	1
5	1	63	1	59	1
5	1	63	1	61	1
5	1	63	1	92	2
5	1	63	1	93	1
5	1	64	0	1	1
5	1	64	0	5	2
5	1	64	0	8	2
5	1	64	0	20	1
5	1	64	0	27	2
5	1	64	0	34	2
5	1	64	0	77	1
5	1	64	1	4	1
5	1	64	1	28	1
5	1	64	1	44	2
5	1	64	1	45	1
5	1	64	1	53	2
5	1	64	1	66	2
5	1	64	1	78	1
5	1	64	1	118	1
5	1	65	0	5	3
5	1	65	0	11	1
5	1	65	0	20	1
5	1	65	0	62	4
5	1	65	0	99	1
5	1	65	1	14	1
5	1	65	1	22	1
5	1	65	1	44	3
5	1	65	1	64	1
5	1	65	1	100	1
5	1	65	1	142	2
5	1	65	1	170	1
5	1	66	0	1	1
5	1	66	0	5	2
5	1	66	0	8	2
5	1	66	0	20	1
5	1	66	0	27	1
5	1	66	0	34	2
5	1	66	0	79	1
5	1	66	0	90	1
5	1	66	1	4	1
5	1	66	1	22	1
5	1	66	1	25	1
5	1	66	1	26	2
5	1	66	1	35	2
5	1	66	1	44	1
5	1	66	1	45	1
5	1	66	1	91	1
5	1	66	1	171	1
5	1	67	0	5	2
5	1	67	0	8	2
5	1	67	0	20	1
5	1	67	0	23	1
5	1	67	0	77	1
5	1	67	0	84	2
5	1	67	0	115	1
5	1	67	0	123	1
5	1	67	1	44	2
5	1	67	1	53	2
5	1	67	1	83	1
5	1	67	1	89	1
5	1	67	1	120	2
5	1	67	1	122	1
5	1	67	1	124	1
5	1	67	1	144	1
5	1	68	0	5	3
5	1	68	0	20	1
5	1	68	0	23	1
5	1	68	0	62	5
5	1	68	0	158	1
5	1	68	1	24	1
5	1	68	1	44	3
5	1	68	1	64	1
5	1	68	1	118	1
5	1	68	1	142	1
5	1	68	1	151	3
5	1	68	1	159	1
5	1	69	0	5	2
5	1	69	0	20	1
5	1	69	0	29	2
5	1	69	0	62	1
5	1	69	0	72	1
5	1	69	0	99	1
5	1	69	0	147	3
5	1	69	1	42	1
5	1	69	1	44	2
5	1	69	1	64	1
5	1	69	1	73	1
5	1	69	1	100	1
5	1	69	1	148	1
5	1	69	1	155	2
5	1	69	1	223	2
5	1	70	0	125	1
5	1	70	1	126	1
5	1	71	0	5	1
5	1	71	0	20	1
5	1	71	0	27	1
5	1	71	0	29	1
5	1	71	0	47	1
5	1	71	0	70	1
5	1	71	0	79	1
5	1	71	0	84	2
5	1	71	0	102	1
5	1	71	0	108	1
5	1	71	1	22	1
5	1	71	1	44	1
5	1	71	1	45	1
5	1	71	1	46	1
5	1	71	1	80	1
5	1	71	1	85	2
5	1	71	1	93	1
5	1	71	1	97	1
5	1	71	1	119	1
5	1	71	1	164	1
5	1	72	0	1	1
5	1	72	0	5	2
5	1	72	0	20	1
5	1	72	0	27	1
5	1	72	0	29	2
5	1	72	0	31	1
5	1	72	0	47	1
5	1	72	0	62	1
5	1	72	0	77	1
5	1	72	1	28	1
5	1	72	1	42	1
5	1	72	1	43	1
5	1	72	1	44	2
5	1	72	1	46	1
5	1	72	1	48	1
5	1	72	1	50	1
5	1	72	1	78	1
5	1	72	1	151	1
5	1	72	1	223	1
5	1	73	0	1	1
5	1	73	0	5	2
5	1	73	0	20	1
5	1	73	0	27	4
5	1	73	0	29	1
5	1	73	0	34	1
5	1	73	0	86	1
5	1	73	1	28	2
5	1	73	1	44	2
5	1	73	1	46	1
5	1	73	1	52	1
5	1	73	1	57	1
5	1	73	1	107	1
5	1	73	1	127	1
5	1	73	1	152	2
5	1	74	0	5	2
5	1	74	0	8	1
5	1	74	0	11	2
5	1	74	0	20	1
5	1	74	0	58	1
5	1	74	0	70	1
5	1	74	0	84	1
5	1	74	0	86	2
5	1	74	1	42	1
5	1	74	1	44	2
5	1	74	1	53	1
5	1	74	1	92	2
5	1	74	1	93	1
5	1	74	1	107	2
5	1	74	1	120	1
5	1	74	1	141	1
5	1	75	0	5	3
5	1	75	0	8	1
5	1	75	0	70	1
5	1	75	0	84	2
5	1	75	0	108	1
5	1	75	0	123	2
5	1	75	1	25	1
5	1	75	1	26	1
5	1	75	1	93	1
5	1	75	1	119	1
5	1	75	1	120	2
5	1	75	1	121	2
5	1	75	1	124	2
5	1	76	0	5	2
5	1	76	0	8	1
5	1	76	0	20	1
5	1	76	0	70	1
5	1	76	0	75	1
5	1	76	0	77	1
5	1	76	0	108	1
5	1	76	0	115	2
5	1	76	1	53	1
5	1	76	1	93	1
5	1	76	1	118	1
5	1	76	1	119	1
5	1	76	1	121	2
5	1	76	1	122	2
5	1	76	1	144	1
5	1	76	1	146	1
5	1	77	0	8	1
5	1	77	0	20	1
5	1	77	0	62	6
5	1	77	0	99	1
5	1	77	0	147	2
5	1	77	1	42	1
5	1	77	1	53	1
5	1	77	1	64	3
5	1	77	1	100	1
5	1	77	1	151	3
5	1	77	1	155	2
5	1	78	0	1	1
5	1	78	0	5	1
5	1	78	0	20	1
5	1	78	0	27	1
5	1	78	0	36	1
5	1	78	0	77	1
5	1	78	0	84	2
5	1	78	0	104	1
5	1	78	0	134	1
5	1	78	1	28	1
5	1	78	1	38	1
5	1	78	1	42	1
5	1	78	1	44	1
5	1	78	1	78	1
5	1	78	1	105	1
5	1	78	1	120	2
5	1	78	1	127	1
5	1	78	1	135	1
5	1	79	0	1	1
5	1	79	0	5	2
5	1	79	0	20	1
5	1	79	0	27	1
5	1	79	0	29	1
5	1	79	0	36	2
5	1	79	0	47	2
5	1	79	1	42	1
5	1	79	1	43	1
5	1	79	1	44	2
5	1	79	1	45	1
5	1	79	1	48	2
5	1	79	1	74	2
5	1	79	1	223	1
5	1	80	0	5	2
5	1	80	0	8	2
5	1	80	0	20	1
5	1	80	0	58	1
5	1	80	0	77	1
5	1	80	0	84	2
5	1	80	0	102	2
5	1	80	1	44	2
5	1	80	1	53	2
5	1	80	1	57	1
5	1	80	1	59	1
5	1	80	1	85	2
5	1	80	1	103	1
5	1	80	1	144	1
5	1	80	1	164	1
5	1	81	0	5	2
5	1	81	0	8	2
5	1	81	0	20	1
5	1	81	0	23	1
5	1	81	0	77	1
5	1	81	0	84	1
5	1	81	0	102	1
5	1	81	0	123	1
5	1	81	0	147	1
5	1	81	1	42	1
5	1	81	1	53	2
5	1	81	1	89	1
5	1	81	1	120	1
5	1	81	1	121	2
5	1	81	1	124	1
5	1	81	1	144	1
5	1	81	1	155	1
5	1	81	1	164	1
5	1	82	0	5	2
5	1	82	0	20	1
5	1	82	0	23	1
5	1	82	0	27	1
5	1	82	0	29	1
5	1	82	0	31	1
5	1	82	0	47	1
5	1	82	0	86	1
5	1	82	0	220	1
5	1	82	1	25	1
5	1	82	1	42	1
5	1	82	1	44	1
5	1	82	1	69	1
5	1	82	1	97	1
5	1	82	1	107	1
5	1	82	1	152	1
5	1	82	1	163	1
5	1	82	1	165	1
5	1	82	1	221	1
5	1	83	0	1	1
5	1	83	0	5	2
5	1	83	0	11	2
5	1	83	0	20	1
5	1	83	0	29	2
5	1	83	0	31	1
5	1	83	0	47	1
5	1	83	0	110	1
5	1	83	1	42	1
5	1	83	1	43	1
5	1	83	1	44	2
5	1	83	1	46	2
5	1	83	1	48	1
5	1	83	1	50	1
5	1	83	1	92	2
5	1	83	1	139	1
5	1	84	0	5	3
5	1	84	0	11	2
5	1	84	0	20	1
5	1	84	0	34	1
5	1	84	0	47	1
5	1	84	0	84	2
5	1	84	0	99	1
5	1	84	1	14	2
5	1	84	1	22	1
5	1	84	1	44	3
5	1	84	1	48	1
5	1	84	1	52	1
5	1	84	1	120	2
5	1	84	1	138	1
5	1	85	0	125	2
5	1	85	1	126	2
5	1	86	0	5	2
5	1	86	0	8	1
5	1	86	0	11	4
5	1	86	0	20	1
5	1	86	0	58	1
5	1	86	0	90	2
5	1	86	1	14	1
5	1	86	1	44	2
5	1	86	1	53	1
5	1	86	1	57	1
5	1	86	1	59	1
5	1	86	1	91	2
5	1	86	1	92	3
5	1	87	0	5	3
5	1	87	0	8	3
5	1	87	0	20	1
5	1	87	0	23	1
5	1	87	0	34	1
5	1	87	0	110	1
5	1	87	0	115	1
5	1	87	1	22	1
5	1	87	1	24	1
5	1	87	1	25	3
5	1	87	1	26	3
5	1	87	1	35	1
5	1	87	1	139	1
5	1	87	1	140	1
5	1	88	0	5	3
5	1	88	0	8	4
5	1	88	0	20	1
5	1	88	0	99	1
5	1	88	0	110	1
5	1	88	0	115	1
5	1	88	1	22	1
5	1	88	1	25	3
5	1	88	1	26	4
5	1	88	1	138	1
5	1	88	1	139	1
5	1	88	1	140	1
5	1	89	0	5	2
5	1	89	0	8	2
5	1	89	0	20	1
5	1	89	0	27	1
5	1	89	0	29	1
5	1	89	0	31	1
5	1	89	0	34	2
5	1	89	0	108	1
5	1	89	1	22	1
5	1	89	1	25	2
5	1	89	1	26	2
5	1	89	1	28	1
5	1	89	1	30	1
5	1	89	1	33	1
5	1	89	1	35	2
5	1	89	1	109	1
5	1	90	0	5	2
5	1	90	0	8	1
5	1	90	0	11	1
5	1	90	0	20	1
5	1	90	0	23	1
5	1	90	0	62	1
5	1	90	0	77	1
5	1	90	0	79	1
5	1	90	0	102	1
5	1	90	1	14	1
5	1	90	1	22	1
5	1	90	1	24	1
5	1	90	1	26	1
5	1	90	1	44	2
5	1	90	1	103	1
5	1	90	1	143	1
5	1	90	1	144	1
5	1	90	1	151	1
5	1	91	0	5	3
5	1	91	0	8	2
5	1	91	0	20	1
5	1	91	0	23	1
5	1	91	0	27	1
5	1	91	0	75	1
5	1	91	0	77	1
5	1	91	0	90	1
5	1	91	1	25	2
5	1	91	1	45	1
5	1	91	1	53	2
5	1	91	1	60	1
5	1	91	1	83	1
5	1	91	1	89	1
5	1	91	1	91	1
5	1	91	1	144	1
5	1	91	1	146	1
5	1	92	0	1	1
5	1	92	0	5	2
5	1	92	0	20	1
5	1	92	0	27	1
5	1	92	0	29	2
5	1	92	0	34	2
5	1	92	0	47	1
5	1	92	0	84	1
5	1	92	1	4	1
5	1	92	1	25	1
5	1	92	1	28	1
5	1	92	1	42	1
5	1	92	1	44	1
5	1	92	1	46	2
5	1	92	1	48	1
5	1	92	1	66	2
5	1	92	1	120	1
5	1	93	0	5	1
5	1	93	0	11	1
5	1	93	0	20	1
5	1	93	0	23	1
5	1	93	0	27	1
5	1	93	0	29	1
5	1	93	0	34	1
5	1	93	0	70	1
5	1	93	0	72	1
5	1	93	0	77	1
5	1	93	0	130	1
5	1	93	1	44	1
5	1	93	1	57	1
5	1	93	1	61	1
5	1	93	1	73	1
5	1	93	1	89	1
5	1	93	1	93	1
5	1	93	1	131	1
5	1	93	1	144	1
5	1	93	1	152	1
5	1	93	1	160	1
5	1	93	1	165	1
5	1	94	0	1	1
5	1	94	0	5	3
5	1	94	0	20	1
5	1	94	0	34	1
5	1	94	0	70	3
5	1	94	0	72	1
5	1	94	0	75	1
5	1	94	1	57	1
5	1	94	1	60	3
5	1	94	1	71	3
5	1	94	1	73	1
5	1	94	1	76	1
5	1	94	1	127	1
5	1	94	1	129	1
5	1	95	0	5	2
5	1	95	0	20	1
5	1	95	0	27	1
5	1	95	0	70	1
5	1	95	0	77	3
5	1	95	0	102	1
5	1	95	0	108	1
5	1	95	1	28	1
5	1	95	1	44	1
5	1	95	1	71	1
5	1	95	1	78	3
5	1	95	1	113	1
5	1	95	1	118	1
5	1	95	1	119	1
5	1	95	1	121	1
5	1	96	0	5	2
5	1	96	0	8	2
5	1	96	0	11	2
5	1	96	0	84	2
5	1	96	0	86	1
5	1	96	0	90	1
5	1	96	1	14	2
5	1	96	1	26	1
5	1	96	1	44	1
5	1	96	1	53	1
5	1	96	1	85	1
5	1	96	1	87	1
5	1	96	1	91	1
5	1	96	1	120	1
5	1	96	1	121	1
5	1	97	0	5	3
5	1	97	0	8	3
5	1	97	0	20	1
5	1	97	0	23	1
5	1	97	0	34	1
5	1	97	0	110	1
5	1	97	0	115	1
5	1	97	1	22	1
5	1	97	1	24	1
5	1	97	1	25	3
5	1	97	1	26	3
5	1	97	1	35	1
5	1	97	1	139	1
5	1	97	1	140	1
5	1	98	0	5	2
5	1	98	0	8	1
5	1	98	0	20	1
5	1	98	0	23	1
5	1	98	0	36	1
5	1	98	0	77	1
5	1	98	0	90	2
5	1	98	0	110	1
5	1	98	0	123	1
5	1	98	1	22	1
5	1	98	1	26	1
5	1	98	1	38	1
5	1	98	1	44	2
5	1	98	1	89	1
5	1	98	1	91	2
5	1	98	1	139	1
5	1	98	1	144	1
5	1	98	1	145	1
5	1	99	0	5	3
5	1	99	0	8	2
5	1	99	0	20	1
5	1	99	0	23	1
5	1	99	0	90	1
5	1	99	0	102	2
5	1	99	0	115	1
5	1	99	1	25	2
5	1	99	1	42	1
5	1	99	1	44	1
5	1	99	1	53	2
5	1	99	1	89	1
5	1	99	1	91	1
5	1	99	1	103	1
5	1	99	1	113	1
5	1	99	1	116	1
5	1	100	0	5	2
5	1	100	0	20	1
5	1	100	0	23	1
5	1	100	0	27	2
5	1	100	0	29	1
5	1	100	0	47	3
5	1	100	0	79	1
5	1	100	1	22	1
5	1	100	1	44	1
5	1	100	1	46	1
5	1	100	1	48	3
5	1	100	1	60	1
5	1	100	1	69	1
5	1	100	1	152	2
5	1	100	1	167	1
5	1	101	0	1	1
5	1	101	0	5	2
5	1	101	0	20	1
5	1	101	0	27	1
5	1	101	0	31	3
5	1	101	0	47	2
5	1	101	1	42	1
5	1	101	1	43	1
5	1	101	1	44	2
5	1	101	1	48	2
5	1	101	1	50	1
5	1	101	1	96	2
5	1	101	1	152	1
5	1	102	0	5	2
5	1	102	0	20	1
5	1	102	0	27	1
5	1	102	0	47	1
5	1	102	0	58	1
5	1	102	0	79	1
5	1	102	0	90	3
5	1	102	0	123	1
5	1	102	1	42	1
5	1	102	1	44	2
5	1	102	1	45	1
5	1	102	1	48	1
5	1	102	1	80	1
5	1	102	1	91	3
5	1	102	1	141	1
5	1	102	1	145	1
5	1	103	0	5	2
5	1	103	0	23	1
5	1	103	0	84	4
5	1	103	0	110	1
5	1	103	0	123	2
5	1	103	1	44	2
5	1	103	1	69	1
5	1	103	1	85	2
5	1	103	1	111	1
5	1	103	1	120	2
5	1	103	1	145	2
5	1	104	0	5	1
5	1	104	0	20	1
5	1	104	0	27	1
5	1	104	0	31	1
5	1	104	0	47	1
5	1	104	0	84	2
5	1	104	0	99	1
5	1	104	0	104	1
5	1	104	0	110	1
5	1	104	1	28	1
5	1	104	1	42	1
5	1	104	1	44	1
5	1	104	1	48	1
5	1	104	1	50	1
5	1	104	1	100	1
5	1	104	1	105	1
5	1	104	1	120	2
5	1	104	1	157	1
5	1	105	0	11	7
5	1	105	0	20	1
5	1	105	0	23	1
5	1	105	0	27	1
5	1	105	1	14	7
5	1	105	1	57	1
5	1	105	1	69	1
5	1	105	1	152	1
5	1	106	0	5	3
5	1	106	0	20	1
5	1	106	0	58	1
5	1	106	0	70	3
5	1	106	0	75	1
5	1	106	0	102	2
5	1	106	1	57	1
5	1	106	1	59	1
5	1	106	1	60	3
5	1	106	1	71	3
5	1	106	1	76	1
5	1	106	1	113	2
5	1	107	0	1	1
5	1	107	0	5	3
5	1	107	0	20	1
5	1	107	0	34	2
5	1	107	0	47	1
5	1	107	0	62	1
5	1	107	0	77	1
5	1	107	1	42	1
5	1	107	1	43	1
5	1	107	1	44	2
5	1	107	1	48	1
5	1	107	1	52	2
5	1	107	1	78	1
5	1	107	1	121	1
5	1	107	1	151	1
5	1	108	0	5	2
5	1	108	0	8	1
5	1	108	0	11	1
5	1	108	0	20	1
5	1	108	0	23	1
5	1	108	0	75	1
5	1	108	0	84	2
5	1	108	0	110	1
5	1	108	1	12	1
5	1	108	1	42	1
5	1	108	1	44	2
5	1	108	1	53	1
5	1	108	1	76	1
5	1	108	1	85	2
5	1	108	1	89	1
5	1	108	1	157	1
5	1	109	0	5	1
5	1	109	0	11	2
5	1	109	0	47	1
5	1	109	0	58	1
5	1	109	0	84	2
5	1	109	0	115	2
5	1	109	1	14	2
5	1	109	1	59	1
5	1	109	1	97	1
5	1	109	1	120	2
5	1	109	1	121	1
5	1	109	1	122	2
5	1	110	0	1	1
5	1	110	0	5	3
5	1	110	0	8	1
5	1	110	0	20	1
5	1	110	0	62	1
5	1	110	0	75	2
5	1	110	0	77	1
5	1	110	0	90	1
5	1	110	1	4	1
5	1	110	1	7	1
5	1	110	1	10	1
5	1	110	1	25	1
5	1	110	1	44	1
5	1	110	1	83	1
5	1	110	1	91	1
5	1	110	1	112	1
5	1	110	1	144	1
5	1	110	1	146	1
5	1	110	1	151	1
5	1	111	0	5	3
5	1	111	0	8	4
5	1	111	0	20	1
5	1	111	0	23	1
5	1	111	0	75	1
5	1	111	0	110	1
5	1	111	1	22	1
5	1	111	1	24	1
5	1	111	1	25	2
5	1	111	1	26	4
5	1	111	1	44	1
5	1	111	1	112	1
5	1	111	1	139	1
5	1	112	0	5	2
5	1	112	0	8	1
5	1	112	0	20	1
5	1	112	0	23	1
5	1	112	0	29	1
5	1	112	0	77	1
5	1	112	0	110	1
5	1	112	0	123	1
5	1	112	1	42	1
5	1	112	1	44	1
5	1	112	1	46	1
5	1	112	1	53	1
5	1	112	1	60	1
5	1	112	1	89	1
5	1	112	1	111	1
5	1	112	1	144	1
5	1	112	1	145	1
5	1	113	0	5	2
5	1	113	0	20	1
5	1	113	0	27	1
5	1	113	0	36	1
5	1	113	0	47	1
5	1	113	0	84	2
5	1	113	0	99	1
5	1	113	0	134	1
5	1	113	0	161	1
5	1	113	1	28	1
5	1	113	1	42	1
5	1	113	1	44	2
5	1	113	1	48	1
5	1	113	1	74	1
5	1	113	1	85	1
5	1	113	1	120	1
5	1	113	1	135	1
5	1	113	1	136	1
5	1	113	1	162	1
5	1	114	0	5	2
5	1	114	0	20	1
5	1	114	0	23	1
5	1	114	0	70	3
5	1	114	0	75	2
5	1	114	0	77	1
5	1	114	0	110	1
5	1	114	1	22	1
5	1	114	1	24	1
5	1	114	1	25	1
5	1	114	1	44	1
5	1	114	1	71	2
5	1	114	1	93	1
5	1	114	1	112	1
5	1	114	1	139	1
5	1	114	1	144	1
5	1	114	1	146	1
5	1	115	0	1	1
5	1	115	0	5	3
5	1	115	0	20	1
5	1	115	0	27	1
5	1	115	0	29	1
5	1	115	0	31	1
5	1	115	0	34	1
5	1	115	0	47	2
5	1	115	1	42	1
5	1	115	1	43	1
5	1	115	1	44	3
5	1	115	1	45	1
5	1	115	1	46	1
5	1	115	1	48	2
5	1	115	1	50	1
5	1	115	1	52	1
5	1	116	0	1	1
5	1	116	0	5	3
5	1	116	0	20	1
5	1	116	0	27	1
5	1	116	0	29	2
5	1	116	0	31	1
5	1	116	0	47	1
5	1	116	0	62	1
5	1	116	1	30	1
5	1	116	1	42	1
5	1	116	1	43	1
5	1	116	1	44	3
5	1	116	1	45	1
5	1	116	1	46	1
5	1	116	1	48	1
5	1	116	1	50	1
5	1	116	1	64	1
5	1	117	0	5	2
5	1	117	0	11	4
5	1	117	0	20	1
5	1	117	0	23	1
5	1	117	0	84	2
5	1	117	0	115	1
5	1	117	1	12	1
5	1	117	1	42	1
5	1	117	1	44	2
5	1	117	1	89	1
5	1	117	1	92	3
5	1	117	1	116	1
5	1	117	1	120	2
5	1	118	0	5	2
5	1	118	0	20	1
5	1	118	0	27	1
5	1	118	0	47	1
5	1	118	0	58	1
5	1	118	0	79	1
5	1	118	0	90	3
5	1	118	0	123	1
5	1	118	1	42	1
5	1	118	1	44	2
5	1	118	1	45	1
5	1	118	1	48	1
5	1	118	1	80	1
5	1	118	1	91	3
5	1	118	1	141	1
5	1	118	1	145	1
5	1	119	0	5	1
5	1	119	0	8	1
5	1	119	0	11	5
5	1	119	0	20	1
5	1	119	0	34	1
5	1	119	0	108	1
5	1	119	1	10	1
5	1	119	1	12	3
5	1	119	1	42	1
5	1	119	1	44	1
5	1	119	1	66	1
5	1	119	1	92	2
5	1	119	1	153	1
5	1	120	0	5	2
5	1	120	0	11	2
5	1	120	0	20	1
5	1	120	0	62	3
5	1	120	0	108	1
5	1	120	0	125	2
5	1	120	1	14	2
5	1	120	1	44	2
5	1	120	1	57	1
5	1	120	1	119	1
5	1	120	1	126	2
5	1	120	1	151	1
5	1	120	1	170	2
5	1	121	0	5	2
5	1	121	0	8	1
5	1	121	0	11	2
5	1	121	0	20	1
5	1	121	0	34	1
5	1	121	0	47	1
5	1	121	0	84	1
5	1	121	0	108	1
5	1	121	0	115	1
5	1	121	1	14	2
5	1	121	1	44	2
5	1	121	1	53	1
5	1	121	1	57	1
5	1	121	1	66	1
5	1	121	1	97	1
5	1	121	1	119	1
5	1	121	1	120	1
5	1	121	1	122	1
5	1	122	0	5	2
5	1	122	0	20	1
5	1	122	0	29	1
5	1	122	0	31	3
5	1	122	0	36	1
5	1	122	0	77	1
5	1	122	0	84	1
5	1	122	0	99	1
5	1	122	1	7	2
5	1	122	1	46	1
5	1	122	1	78	1
5	1	122	1	83	1
5	1	122	1	85	1
5	1	122	1	100	1
5	1	122	1	101	1
5	1	122	1	137	1
5	1	122	1	163	2
5	1	123	0	1	1
5	1	123	0	5	2
5	1	123	0	8	2
5	1	123	0	20	1
5	1	123	0	31	1
5	1	123	0	47	1
5	1	123	0	90	2
5	1	123	0	123	1
5	1	123	1	4	1
5	1	123	1	44	2
5	1	123	1	53	2
5	1	123	1	57	1
5	1	123	1	91	2
5	1	123	1	96	1
5	1	123	1	97	1
5	1	123	1	145	1
5	1	124	0	5	2
5	1	124	0	8	3
5	1	124	0	20	1
5	1	124	0	75	1
5	1	124	0	77	1
5	1	124	0	102	1
5	1	124	0	108	1
5	1	124	0	115	1
5	1	124	1	26	2
5	1	124	1	42	1
5	1	124	1	44	2
5	1	124	1	53	1
5	1	124	1	76	1
5	1	124	1	113	1
5	1	124	1	119	1
5	1	124	1	122	1
5	1	124	1	144	1
5	1	125	0	5	2
5	1	125	0	20	1
5	1	125	0	34	1
5	1	125	0	47	2
5	1	125	0	75	1
5	1	125	0	99	1
5	1	125	0	134	3
5	1	125	1	35	1
5	1	125	1	42	1
5	1	125	1	44	2
5	1	125	1	48	2
5	1	125	1	135	3
5	1	125	1	138	1
5	1	125	1	146	1
5	1	126	0	5	3
5	1	126	0	8	3
5	1	126	0	11	1
5	1	126	0	20	1
5	1	126	0	23	1
5	1	126	0	77	1
5	1	126	0	115	1
5	1	126	1	14	1
5	1	126	1	24	1
5	1	126	1	25	1
5	1	126	1	26	1
5	1	126	1	44	2
5	1	126	1	53	2
5	1	126	1	83	1
5	1	126	1	116	1
5	1	126	1	144	1
5	1	127	0	5	3
5	1	127	0	8	2
5	1	127	0	20	1
5	1	127	0	23	1
5	1	127	0	75	1
5	1	127	0	77	3
5	1	127	1	7	1
5	1	127	1	26	2
5	1	127	1	57	1
5	1	127	1	60	2
5	1	127	1	78	2
5	1	127	1	89	1
5	1	127	1	144	1
5	1	127	1	146	1
5	1	128	0	1	1
5	1	128	0	5	2
5	1	128	0	20	1
5	1	128	0	27	1
5	1	128	0	29	1
5	1	128	0	31	1
5	1	128	0	47	1
5	1	128	0	62	1
5	1	128	0	84	1
5	1	128	0	134	1
5	1	128	1	28	1
5	1	128	1	42	1
5	1	128	1	43	1
5	1	128	1	44	2
5	1	128	1	50	1
5	1	128	1	97	1
5	1	128	1	120	1
5	1	128	1	135	1
5	1	128	1	151	1
5	1	128	1	223	1
5	1	129	0	5	4
5	1	129	0	20	1
5	1	129	0	23	1
5	1	129	0	29	1
5	1	129	0	62	1
5	1	129	0	147	1
5	1	129	1	57	1
5	1	129	1	60	4
5	1	129	1	64	1
5	1	129	1	69	1
5	1	129	1	155	1
5	1	129	1	165	1
5	1	130	0	1	1
5	1	130	0	5	2
5	1	130	0	20	1
5	1	130	0	47	1
5	1	130	0	62	1
5	1	130	0	75	3
5	1	130	0	84	2
5	1	130	1	42	1
5	1	130	1	43	1
5	1	130	1	44	2
5	1	130	1	48	1
5	1	130	1	64	1
5	1	130	1	120	2
5	1	130	1	146	3
5	1	131	0	5	3
5	1	131	0	8	2
5	1	131	0	20	1
5	1	131	0	70	1
5	1	131	0	75	1
5	1	131	0	77	1
5	1	131	0	108	1
5	1	131	0	110	1
5	1	131	1	7	3
5	1	131	1	10	2
5	1	131	1	83	1
5	1	131	1	93	1
5	1	131	1	111	1
5	1	131	1	112	1
5	1	131	1	144	1
5	1	131	1	153	1
5	1	132	0	5	2
5	1	132	0	8	3
5	1	132	0	20	1
5	1	132	0	27	1
5	1	132	0	34	1
5	1	132	0	77	1
5	1	132	0	108	1
5	1	132	0	123	1
5	1	132	1	42	1
5	1	132	1	44	2
5	1	132	1	53	3
5	1	132	1	66	1
5	1	132	1	119	1
5	1	132	1	144	1
5	1	132	1	145	1
5	1	132	1	152	1
5	1	133	0	5	2
5	1	133	0	8	1
5	1	133	0	11	2
5	1	133	0	58	1
5	1	133	0	62	2
5	1	133	0	90	1
5	1	133	0	158	1
5	1	133	1	26	1
5	1	133	1	44	2
5	1	133	1	59	1
5	1	133	1	91	1
5	1	133	1	92	2
5	1	133	1	156	2
5	1	133	1	159	1
5	1	134	0	1	1
5	1	134	0	5	3
5	1	134	0	20	1
5	1	134	0	27	1
5	1	134	0	34	2
5	1	134	0	47	1
5	1	134	0	84	1
5	1	134	1	7	1
5	1	134	1	42	1
5	1	134	1	43	1
5	1	134	1	44	1
5	1	134	1	45	1
5	1	134	1	48	1
5	1	134	1	52	1
5	1	134	1	60	1
5	1	134	1	66	1
5	1	134	1	120	1
5	1	135	0	1	1
5	1	135	0	5	3
5	1	135	0	8	2
5	1	135	0	11	4
5	1	135	0	20	1
5	1	135	1	4	1
5	1	135	1	7	3
5	1	135	1	10	2
5	1	135	1	12	4
5	1	135	1	83	1
5	1	136	0	1	1
5	1	136	0	5	2
5	1	136	0	8	1
5	1	136	0	20	1
5	1	136	0	27	1
5	1	136	0	36	1
5	1	136	0	77	1
5	1	136	0	84	2
5	1	136	0	147	1
5	1	136	1	4	1
5	1	136	1	26	1
5	1	136	1	28	1
5	1	136	1	42	1
5	1	136	1	44	2
5	1	136	1	74	1
5	1	136	1	78	1
5	1	136	1	85	2
5	1	136	1	155	1
5	1	137	0	5	2
5	1	137	0	20	1
5	1	137	0	23	1
5	1	137	0	29	1
5	1	137	0	62	1
5	1	137	0	75	1
5	1	137	0	84	2
5	1	137	0	110	1
5	1	137	1	42	1
5	1	137	1	44	2
5	1	137	1	64	1
5	1	137	1	69	1
5	1	137	1	85	2
5	1	137	1	146	1
5	1	137	1	157	1
5	1	137	1	222	1
5	1	138	0	5	3
5	1	138	0	8	3
5	1	138	0	11	2
5	1	138	0	20	1
5	1	138	0	34	1
5	1	138	0	99	1
5	1	138	1	14	2
5	1	138	1	22	1
5	1	138	1	25	3
5	1	138	1	26	2
5	1	138	1	35	1
5	1	138	1	53	1
5	1	138	1	138	1
5	1	139	0	5	3
5	1	139	0	11	1
5	1	139	0	34	1
5	1	139	0	75	1
5	1	139	0	84	1
5	1	139	0	90	2
5	1	139	1	12	1
5	1	139	1	35	1
5	1	139	1	60	3
5	1	139	1	76	1
5	1	139	1	91	2
5	1	139	1	120	1
5	1	140	0	5	2
5	1	140	0	8	2
5	1	140	0	11	4
5	1	140	0	20	1
5	1	140	0	58	1
5	1	140	0	70	1
5	1	140	1	12	4
5	1	140	1	42	1
5	1	140	1	44	2
5	1	140	1	53	2
5	1	140	1	59	1
5	1	140	1	93	1
5	1	141	0	5	3
5	1	141	0	8	4
5	1	141	0	20	1
5	1	141	0	99	1
5	1	141	0	110	1
5	1	141	0	115	1
5	1	141	1	22	1
5	1	141	1	25	3
5	1	141	1	26	4
5	1	141	1	138	1
5	1	141	1	139	1
5	1	141	1	140	1
5	1	142	0	5	2
5	1	142	0	11	1
5	1	142	0	20	1
5	1	142	0	27	1
5	1	142	0	62	2
5	1	142	0	70	2
5	1	142	0	99	1
5	1	142	0	158	1
5	1	142	1	14	1
5	1	142	1	22	1
5	1	142	1	28	1
5	1	142	1	44	2
5	1	142	1	64	1
5	1	142	1	93	2
5	1	142	1	138	1
5	1	142	1	151	1
5	1	142	1	159	1
5	1	143	0	5	3
5	1	143	0	8	1
5	1	143	0	20	1
5	1	143	0	58	1
5	1	143	0	75	1
5	1	143	0	77	1
5	1	143	0	110	1
5	1	143	0	115	2
5	1	143	1	10	1
5	1	143	1	25	1
5	1	143	1	59	1
5	1	143	1	60	2
5	1	143	1	78	1
5	1	143	1	83	1
5	1	143	1	140	2
5	1	143	1	146	1
5	1	143	1	157	1
5	1	144	0	5	3
5	1	144	0	20	1
5	1	144	0	23	1
5	1	144	0	29	2
5	1	144	0	36	1
5	1	144	0	62	2
5	1	144	1	57	1
5	1	144	1	60	3
5	1	144	1	64	2
5	1	144	1	69	1
5	1	144	1	74	1
5	1	144	1	165	2
5	1	145	0	1	1
5	1	145	0	5	2
5	1	145	0	8	1
5	1	145	0	11	3
5	1	145	0	20	1
5	1	145	0	110	1
5	1	145	0	220	2
5	1	145	1	4	1
5	1	145	1	10	1
5	1	145	1	12	1
5	1	145	1	14	2
5	1	145	1	44	2
5	1	145	1	83	1
5	1	145	1	111	1
5	1	145	1	221	2
5	1	146	0	5	2
5	1	146	0	20	1
5	1	146	0	23	1
5	1	146	0	77	1
5	1	146	0	84	2
5	1	146	0	115	3
5	1	146	1	44	2
5	1	146	1	89	1
5	1	146	1	118	1
5	1	146	1	120	2
5	1	146	1	122	3
5	1	146	1	144	1
5	1	147	0	5	2
5	1	147	0	20	1
5	1	147	0	47	2
5	1	147	0	58	1
5	1	147	0	70	3
5	1	147	0	75	2
5	1	147	1	44	1
5	1	147	1	48	1
5	1	147	1	57	1
5	1	147	1	59	1
5	1	147	1	60	1
5	1	147	1	93	3
5	1	147	1	97	1
5	1	147	1	112	2
5	1	148	0	5	4
5	1	148	0	20	1
5	1	148	0	58	1
5	1	148	0	70	1
5	1	148	0	75	1
5	1	148	0	77	1
5	1	148	0	90	1
5	1	148	0	115	1
5	1	148	1	57	1
5	1	148	1	59	1
5	1	148	1	60	4
5	1	148	1	71	1
5	1	148	1	76	1
5	1	148	1	91	1
5	1	148	1	122	1
5	1	148	1	144	1
5	1	149	0	5	2
5	1	149	0	8	3
5	1	149	0	20	1
5	1	149	0	62	1
5	1	149	0	84	1
5	1	149	0	86	2
5	1	149	0	108	1
5	1	149	1	10	1
5	1	149	1	44	2
5	1	149	1	53	2
5	1	149	1	57	1
5	1	149	1	85	1
5	1	149	1	87	2
5	1	149	1	119	1
5	1	149	1	151	1
5	1	150	0	5	2
5	1	150	0	11	7
5	1	150	0	20	1
5	1	150	0	58	1
5	1	150	1	14	6
5	1	150	1	25	2
5	1	150	1	57	1
5	1	150	1	92	1
5	1	150	1	141	1
5	1	151	0	5	2
5	1	151	0	20	1
5	1	151	0	27	1
5	1	151	0	47	1
5	1	151	0	58	1
5	1	151	0	79	1
5	1	151	0	90	3
5	1	151	0	123	1
5	1	151	1	42	1
5	1	151	1	44	2
5	1	151	1	45	1
5	1	151	1	48	1
5	1	151	1	80	1
5	1	151	1	91	3
5	1	151	1	141	1
5	1	151	1	145	1
5	1	152	0	1	1
5	1	152	0	5	3
5	1	152	0	8	1
5	1	152	0	20	1
5	1	152	0	75	4
5	1	152	0	77	1
5	1	152	1	4	1
5	1	152	1	10	1
5	1	152	1	25	2
5	1	152	1	44	1
5	1	152	1	83	1
5	1	152	1	112	4
5	1	152	1	144	1
5	1	153	0	5	2
5	1	153	0	8	1
5	1	153	0	11	4
5	1	153	0	20	1
5	1	153	0	58	1
5	1	153	0	70	1
5	1	153	1	25	1
5	1	153	1	44	1
5	1	153	1	53	1
5	1	153	1	57	1
5	1	153	1	59	1
5	1	153	1	71	1
5	1	153	1	92	4
5	1	154	0	1	1
5	1	154	0	5	3
5	1	154	0	11	2
5	1	154	0	20	1
5	1	154	0	62	1
5	1	154	0	84	2
5	1	154	0	147	1
5	1	154	1	4	1
5	1	154	1	12	1
5	1	154	1	14	1
5	1	154	1	25	2
5	1	154	1	44	1
5	1	154	1	64	1
5	1	154	1	83	1
5	1	154	1	85	2
5	1	154	1	155	1
5	1	155	0	5	3
5	1	155	0	8	4
5	1	155	0	20	1
5	1	155	0	23	1
5	1	155	0	75	1
5	1	155	0	110	1
5	1	155	1	22	1
5	1	155	1	24	1
5	1	155	1	25	3
5	1	155	1	26	4
5	1	155	1	112	1
5	1	155	1	139	1
5	1	156	0	5	3
5	1	156	0	8	2
5	1	156	0	20	1
5	1	156	0	58	1
5	1	156	0	102	1
5	1	156	1	25	1
5	1	156	1	42	1
5	1	156	1	44	1
5	1	156	1	53	2
5	1	156	1	121	1
5	1	156	1	141	1
5	1	156	1	164	1
5	1	157	0	5	2
5	1	157	0	20	1
5	1	157	0	23	1
5	1	157	0	27	1
5	1	157	0	34	2
5	1	157	0	90	3
5	1	157	1	25	2
5	1	157	1	28	1
5	1	157	1	35	2
5	1	157	1	83	1
5	1	157	1	89	1
5	1	157	1	91	3
5	1	158	0	1	1
5	1	158	0	5	3
5	1	158	0	8	1
5	1	158	0	20	1
5	1	158	0	77	1
5	1	158	0	79	1
5	1	158	0	84	1
5	1	158	0	102	1
5	1	158	1	4	1
5	1	158	1	7	2
5	1	158	1	10	1
5	1	158	1	60	1
5	1	158	1	78	1
5	1	158	1	83	1
5	1	158	1	85	1
5	1	158	1	103	1
5	1	158	1	143	1
5	1	159	0	5	3
5	1	159	0	8	3
5	1	159	0	20	1
5	1	159	0	90	1
5	1	159	0	108	1
5	1	159	0	110	1
5	1	159	0	115	1
5	1	159	1	22	1
5	1	159	1	25	1
5	1	159	1	44	2
5	1	159	1	53	3
5	1	159	1	91	1
5	1	159	1	116	1
5	1	159	1	119	1
5	1	159	1	139	1
5	1	160	0	5	2
5	1	160	0	8	1
5	1	160	0	11	2
5	1	160	0	58	1
5	1	160	0	84	2
5	1	160	0	102	1
5	1	160	1	14	2
5	1	160	1	44	2
5	1	160	1	53	1
5	1	160	1	59	1
5	1	160	1	120	2
5	1	160	1	164	1
5	1	161	0	5	2
5	1	161	0	20	1
5	1	161	0	34	1
5	1	161	0	70	1
5	1	161	0	75	1
5	1	161	0	77	1
5	1	161	0	84	2
5	1	161	0	108	1
5	1	161	0	110	1
5	1	161	1	44	2
5	1	161	1	57	1
5	1	161	1	93	1
5	1	161	1	112	1
5	1	161	1	119	1
5	1	161	1	120	2
5	1	161	1	129	1
5	1	161	1	144	1
5	1	161	1	157	1
5	1	162	0	5	3
5	1	162	0	8	3
5	1	162	0	11	3
5	1	162	0	20	1
5	1	162	0	108	1
5	1	162	1	14	3
5	1	162	1	22	1
5	1	162	1	25	3
5	1	162	1	26	3
5	1	162	1	109	1
5	1	163	0	5	1
5	1	163	0	27	1
5	1	163	0	34	1
5	1	163	0	77	1
5	1	163	0	84	2
5	1	163	0	90	2
5	1	163	0	108	1
5	1	163	0	115	1
5	1	163	1	44	1
5	1	163	1	45	1
5	1	163	1	66	1
5	1	163	1	91	2
5	1	163	1	119	1
5	1	163	1	120	2
5	1	163	1	122	1
5	1	163	1	144	1
5	1	164	0	1	1
5	1	164	0	5	2
5	1	164	0	20	1
5	1	164	0	27	1
5	1	164	0	29	1
5	1	164	0	31	2
5	1	164	0	36	1
5	1	164	0	47	1
5	1	164	0	110	1
5	1	164	1	42	1
5	1	164	1	43	1
5	1	164	1	44	2
5	1	164	1	46	1
5	1	164	1	48	1
5	1	164	1	50	1
5	1	164	1	74	1
5	1	164	1	152	1
5	1	164	1	157	1
5	1	164	1	163	1
5	1	165	0	1	1
5	1	165	0	5	2
5	1	165	0	8	1
5	1	165	0	20	1
5	1	165	0	75	2
5	1	165	0	77	2
5	1	165	0	102	2
5	1	165	1	43	1
5	1	165	1	44	2
5	1	165	1	53	1
5	1	165	1	76	1
5	1	165	1	78	1
5	1	165	1	113	1
5	1	165	1	118	1
5	1	165	1	144	1
5	1	165	1	146	1
5	1	165	1	164	1
5	1	166	0	5	3
5	1	166	0	8	2
5	1	166	0	20	1
5	1	166	0	27	2
5	1	166	0	77	1
5	1	166	0	79	1
5	1	166	0	84	1
5	1	166	1	7	2
5	1	166	1	25	1
5	1	166	1	26	2
5	1	166	1	45	1
5	1	166	1	78	1
5	1	166	1	80	1
5	1	166	1	83	1
5	1	166	1	120	1
5	1	166	1	152	1
5	1	167	0	5	3
5	1	167	0	8	2
5	1	167	0	20	1
5	1	167	0	70	1
5	1	167	0	75	2
5	1	167	0	90	1
5	1	167	0	108	1
5	1	167	1	25	3
5	1	167	1	53	2
5	1	167	1	57	1
5	1	167	1	76	1
5	1	167	1	91	1
5	1	167	1	93	1
5	1	167	1	112	1
5	1	167	1	119	1
5	1	168	0	1	1
5	1	168	0	5	2
5	1	168	0	20	1
5	1	168	0	31	1
5	1	168	0	47	2
5	1	168	0	62	3
5	1	168	1	42	1
5	1	168	1	44	2
5	1	168	1	48	2
5	1	168	1	127	1
5	1	168	1	151	3
5	1	168	1	166	1
5	1	169	0	1	1
5	1	169	0	5	3
5	1	169	0	8	3
5	1	169	0	20	1
5	1	169	0	79	1
5	1	169	0	102	1
5	1	169	1	4	1
5	1	169	1	7	1
5	1	169	1	10	1
5	1	169	1	26	1
5	1	169	1	42	1
5	1	169	1	44	1
5	1	169	1	53	1
5	1	169	1	60	1
5	1	169	1	103	1
5	1	169	1	143	1
5	1	170	0	5	2
5	1	170	0	20	1
5	1	170	0	23	1
5	1	170	0	29	2
5	1	170	0	31	1
5	1	170	0	62	3
5	1	170	0	158	1
5	1	170	1	22	1
5	1	170	1	44	1
5	1	170	1	46	1
5	1	170	1	60	1
5	1	170	1	69	1
5	1	170	1	101	1
5	1	170	1	151	1
5	1	170	1	159	1
5	1	170	1	170	2
5	1	170	1	223	1
5	1	171	0	5	2
5	1	171	0	8	2
5	1	171	0	20	1
5	1	171	0	27	1
5	1	171	0	29	1
5	1	171	0	34	1
5	1	171	0	62	2
5	1	171	0	108	1
5	1	171	1	22	1
5	1	171	1	25	2
5	1	171	1	26	2
5	1	171	1	28	1
5	1	171	1	30	1
5	1	171	1	35	1
5	1	171	1	109	1
5	1	171	1	151	2
5	1	172	0	5	4
5	1	172	0	8	3
5	1	172	0	20	1
5	1	172	0	29	1
5	1	172	0	70	1
5	1	172	0	84	1
5	1	172	1	44	1
5	1	172	1	53	3
5	1	172	1	57	1
5	1	172	1	60	3
5	1	172	1	71	1
5	1	172	1	120	1
5	1	172	1	165	1
5	1	173	0	5	2
5	1	173	0	8	4
5	1	173	0	20	1
5	1	173	0	23	1
5	1	173	0	75	1
5	1	173	0	110	1
5	1	173	1	22	1
5	1	173	1	24	1
5	1	173	1	25	2
5	1	173	1	26	4
5	1	173	1	139	1
5	1	173	1	146	1
5	1	174	0	5	3
5	1	174	0	20	1
5	1	174	0	47	3
5	1	174	0	58	1
5	1	174	0	70	2
5	1	174	0	75	1
5	1	174	1	57	1
5	1	174	1	59	1
5	1	174	1	60	3
5	1	174	1	71	2
5	1	174	1	76	1
5	1	174	1	97	3
5	1	175	0	5	1
5	1	175	0	8	1
5	1	175	0	20	1
5	1	175	0	27	1
5	1	175	0	47	1
5	1	175	0	79	1
5	1	175	0	102	1
5	1	175	0	104	1
5	1	175	0	108	1
5	1	175	0	110	1
5	1	175	1	10	1
5	1	175	1	28	1
5	1	175	1	42	1
5	1	175	1	44	1
5	1	175	1	48	1
5	1	175	1	105	1
5	1	175	1	119	1
5	1	175	1	143	1
5	1	175	1	157	1
5	1	175	1	164	1
5	1	176	0	5	3
5	1	176	0	8	2
5	1	176	0	20	1
5	1	176	0	23	1
5	1	176	0	77	1
5	1	176	0	84	1
5	1	176	0	115	2
5	1	176	1	42	1
5	1	176	1	44	2
5	1	176	1	53	2
5	1	176	1	60	1
5	1	176	1	89	1
5	1	176	1	120	1
5	1	176	1	122	2
5	1	176	1	144	1
5	1	177	0	5	2
5	1	177	0	8	2
5	1	177	0	20	1
5	1	177	0	27	1
5	1	177	0	34	1
5	1	177	0	77	1
5	1	177	0	84	2
5	1	177	0	115	1
5	1	177	1	44	2
5	1	177	1	45	1
5	1	177	1	53	2
5	1	177	1	57	1
5	1	177	1	66	1
5	1	177	1	120	2
5	1	177	1	122	1
5	1	177	1	144	1
5	1	178	0	5	2
5	1	178	0	8	3
5	1	178	0	20	1
5	1	178	0	34	1
5	1	178	0	70	1
5	1	178	0	75	1
5	1	178	0	108	1
5	1	178	0	147	1
5	1	178	1	7	1
5	1	178	1	10	3
5	1	178	1	44	1
5	1	178	1	57	1
5	1	178	1	66	1
5	1	178	1	71	1
5	1	178	1	112	1
5	1	178	1	119	1
5	1	178	1	148	1
5	1	179	0	5	3
5	1	179	0	15	1
5	1	179	0	20	1
5	1	179	0	29	1
5	1	179	0	47	1
5	1	179	0	62	2
5	1	179	0	99	1
5	1	179	0	110	1
5	1	179	1	42	1
5	1	179	1	44	3
5	1	179	1	46	1
5	1	179	1	48	1
5	1	179	1	100	1
5	1	179	1	139	1
5	1	179	1	142	3
5	1	180	0	1	1
5	1	180	0	5	1
5	1	180	0	20	1
5	1	180	0	27	1
5	1	180	0	31	1
5	1	180	0	70	1
5	1	180	0	77	2
5	1	180	0	79	1
5	1	180	0	90	1
5	1	180	0	110	1
5	1	180	1	4	1
5	1	180	1	42	1
5	1	180	1	44	1
5	1	180	1	71	1
5	1	180	1	78	2
5	1	180	1	91	1
5	1	180	1	152	1
5	1	180	1	157	1
5	1	180	1	166	1
5	1	180	1	167	1
5	1	181	0	5	3
5	1	181	0	8	3
5	1	181	0	20	1
5	1	181	0	23	1
5	1	181	0	70	1
5	1	181	0	90	1
5	1	181	0	115	1
5	1	181	1	25	3
5	1	181	1	53	3
5	1	181	1	57	1
5	1	181	1	89	1
5	1	181	1	91	1
5	1	181	1	93	1
5	1	181	1	116	1
5	1	182	0	5	4
5	1	182	0	8	2
5	1	182	0	20	1
5	1	182	0	23	1
5	1	182	0	102	1
5	1	182	0	115	1
5	1	182	0	123	1
5	1	182	1	42	1
5	1	182	1	44	4
5	1	182	1	53	2
5	1	182	1	89	1
5	1	182	1	103	1
5	1	182	1	116	1
5	1	182	1	145	1
5	1	183	0	1	1
5	1	183	0	5	3
5	1	183	0	20	1
5	1	183	0	27	1
5	1	183	0	34	3
5	1	183	0	47	1
5	1	183	0	77	1
5	1	183	1	35	1
5	1	183	1	42	1
5	1	183	1	44	3
5	1	183	1	45	1
5	1	183	1	52	1
5	1	183	1	78	1
5	1	183	1	97	1
5	1	183	1	127	1
5	1	183	1	129	1
5	1	184	0	5	3
5	1	184	0	8	5
5	1	184	0	20	1
5	1	184	0	58	1
5	1	184	0	75	1
5	1	184	1	10	4
5	1	184	1	25	1
5	1	184	1	53	1
5	1	184	1	57	1
5	1	184	1	59	1
5	1	184	1	60	2
5	1	184	1	112	1
5	1	185	0	1	1
5	1	185	0	5	1
5	1	185	0	11	1
5	1	185	0	20	1
5	1	185	0	27	1
5	1	185	0	70	2
5	1	185	0	77	1
5	1	185	0	90	1
5	1	185	1	14	1
5	1	185	1	44	1
5	1	185	1	57	1
5	1	185	1	71	1
5	1	185	1	91	1
5	1	185	1	93	1
5	1	185	1	127	1
5	1	185	1	144	1
5	1	185	1	152	1
5	1	186	0	5	2
5	1	186	0	8	1
5	1	186	0	20	1
5	1	186	0	23	1
5	1	186	0	70	1
5	1	186	0	77	2
5	1	186	0	84	1
5	1	186	0	102	1
5	1	186	0	115	1
5	1	186	1	24	1
5	1	186	1	26	1
5	1	186	1	44	2
5	1	186	1	93	1
5	1	186	1	118	1
5	1	186	1	120	1
5	1	186	1	122	1
5	1	186	1	144	2
5	1	186	1	164	1
5	1	187	0	5	2
5	1	187	0	8	2
5	1	187	0	20	1
5	1	187	0	23	1
5	1	187	0	27	1
5	1	187	0	34	2
5	1	187	0	102	1
5	1	187	0	110	1
5	1	187	1	22	1
5	1	187	1	24	1
5	1	187	1	25	2
5	1	187	1	26	2
5	1	187	1	35	2
5	1	187	1	45	1
5	1	187	1	103	1
5	1	187	1	139	1
5	1	188	0	5	2
5	1	188	0	11	2
5	1	188	0	20	1
5	1	188	0	62	3
5	1	188	0	99	1
5	1	188	0	147	1
5	1	188	0	158	1
5	1	188	1	14	2
5	1	188	1	42	1
5	1	188	1	44	2
5	1	188	1	64	1
5	1	188	1	138	1
5	1	188	1	142	1
5	1	188	1	155	1
5	1	188	1	159	1
5	1	188	1	170	1
5	1	189	0	5	3
5	1	189	0	20	1
5	1	189	0	47	1
5	1	189	0	62	4
5	1	189	0	99	1
5	1	189	0	125	1
5	1	189	1	42	1
5	1	189	1	44	3
5	1	189	1	48	1
5	1	189	1	126	1
5	1	189	1	138	1
5	1	189	1	151	4
5	1	190	0	1	1
5	1	190	0	5	2
5	1	190	0	20	1
5	1	190	0	27	1
5	1	190	0	47	2
5	1	190	0	77	1
5	1	190	0	79	1
5	1	190	0	102	1
5	1	190	1	44	2
5	1	190	1	48	1
5	1	190	1	57	1
5	1	190	1	78	1
5	1	190	1	97	1
5	1	190	1	113	1
5	1	190	1	127	1
5	1	190	1	152	1
5	1	190	1	167	1
5	1	191	0	5	4
5	1	191	0	8	2
5	1	191	0	20	1
5	1	191	0	58	1
5	1	191	0	86	2
5	1	191	1	25	2
5	1	191	1	53	2
5	1	191	1	57	1
5	1	191	1	59	1
5	1	191	1	60	2
5	1	191	1	87	1
5	1	191	1	107	1
5	1	192	0	5	2
5	1	192	0	20	1
5	1	192	0	23	1
5	1	192	0	27	2
5	1	192	0	29	1
5	1	192	0	31	1
5	1	192	0	34	2
5	1	192	1	35	1
5	1	192	1	57	1
5	1	192	1	60	2
5	1	192	1	69	1
5	1	192	1	129	1
5	1	192	1	152	2
5	1	192	1	163	1
5	1	192	1	165	1
5	1	193	0	5	2
5	1	193	0	8	1
5	1	193	0	20	1
5	1	193	0	23	1
5	1	193	0	29	1
5	1	193	0	36	1
5	1	193	0	77	1
5	1	193	0	84	2
5	1	193	0	102	1
5	1	193	1	22	1
5	1	193	1	25	1
5	1	193	1	44	1
5	1	193	1	53	1
5	1	193	1	69	1
5	1	193	1	74	1
5	1	193	1	78	1
5	1	193	1	85	2
5	1	193	1	164	1
5	1	193	1	165	1
5	1	194	0	5	3
5	1	194	0	20	1
5	1	194	0	47	2
5	1	194	0	75	2
5	1	194	0	84	1
5	1	194	0	108	1
5	1	194	0	115	1
5	1	194	1	25	2
5	1	194	1	57	1
5	1	194	1	60	1
5	1	194	1	97	2
5	1	194	1	119	1
5	1	194	1	120	1
5	1	194	1	140	1
5	1	194	1	146	2
5	1	195	0	5	3
5	1	195	0	8	1
5	1	195	0	20	1
5	1	195	0	36	1
5	1	195	0	47	1
5	1	195	0	84	3
5	1	195	0	108	1
5	1	195	1	25	1
5	1	195	1	26	1
5	1	195	1	44	2
5	1	195	1	48	1
5	1	195	1	83	1
5	1	195	1	120	3
5	1	195	1	137	1
5	1	195	1	153	1
5	1	196	0	5	3
5	1	196	0	8	2
5	1	196	0	11	4
5	1	196	0	20	1
5	1	196	0	58	1
5	1	196	1	7	1
5	1	196	1	12	2
5	1	196	1	14	2
5	1	196	1	25	1
5	1	196	1	53	2
5	1	196	1	59	1
5	1	196	1	60	1
5	1	196	1	83	1
5	1	197	0	1	1
5	1	197	0	5	3
5	1	197	0	8	2
5	1	197	0	20	1
5	1	197	0	34	1
5	1	197	0	77	1
5	1	197	0	84	1
5	1	197	0	115	1
5	1	197	1	4	1
5	1	197	1	35	1
5	1	197	1	42	1
5	1	197	1	44	2
5	1	197	1	53	2
5	1	197	1	60	1
5	1	197	1	85	1
5	1	197	1	116	1
5	1	197	1	144	1
5	1	198	0	5	2
5	1	198	0	8	2
5	1	198	0	11	2
5	1	198	0	20	1
5	1	198	0	23	1
5	1	198	0	29	2
5	1	198	0	147	1
5	1	198	1	14	2
5	1	198	1	44	2
5	1	198	1	46	1
5	1	198	1	53	2
5	1	198	1	69	1
5	1	198	1	118	1
5	1	198	1	148	1
5	1	198	1	223	1
5	1	199	0	5	2
5	1	199	0	20	1
5	1	199	0	29	4
5	1	199	0	62	2
5	1	199	0	99	1
5	1	199	0	158	1
5	1	199	1	30	1
5	1	199	1	42	1
5	1	199	1	44	2
5	1	199	1	64	1
5	1	199	1	100	1
5	1	199	1	142	1
5	1	199	1	159	1
5	1	199	1	223	3
5	1	200	0	5	2
5	1	200	0	8	2
5	1	200	0	11	5
5	1	200	0	20	1
5	1	200	0	84	1
5	1	200	1	12	1
5	1	200	1	53	2
5	1	200	1	57	1
5	1	200	1	85	1
5	1	200	1	92	4
5	1	200	1	121	2
5	1	201	0	5	2
5	1	201	0	20	1
5	1	201	0	29	1
5	1	201	0	62	4
5	1	201	0	99	1
5	1	201	0	147	1
5	1	201	0	158	1
5	1	201	1	30	1
5	1	201	1	42	1
5	1	201	1	44	2
5	1	201	1	136	1
5	1	201	1	151	4
5	1	201	1	155	1
5	1	201	1	159	1
5	1	202	0	1	1
5	1	202	0	5	3
5	1	202	0	20	1
5	1	202	0	27	1
5	1	202	0	29	1
5	1	202	0	31	1
5	1	202	0	34	1
5	1	202	0	47	2
5	1	202	1	42	1
5	1	202	1	43	1
5	1	202	1	44	3
5	1	202	1	45	1
5	1	202	1	46	1
5	1	202	1	48	2
5	1	202	1	50	1
5	1	202	1	52	1
5	1	203	0	5	1
5	1	203	0	20	1
5	1	203	0	27	1
5	1	203	0	31	1
5	1	203	0	47	1
5	1	203	0	84	2
5	1	203	0	99	1
5	1	203	0	102	1
5	1	203	0	104	1
5	1	203	1	28	1
5	1	203	1	42	1
5	1	203	1	44	1
5	1	203	1	48	1
5	1	203	1	50	1
5	1	203	1	105	1
5	1	203	1	113	1
5	1	203	1	120	2
5	1	203	1	136	1
5	1	204	0	5	2
5	1	204	0	8	2
5	1	204	0	11	2
5	1	204	0	20	1
5	1	204	0	23	1
5	1	204	0	90	1
5	1	204	0	102	2
5	1	204	1	14	2
5	1	204	1	25	1
5	1	204	1	26	2
5	1	204	1	44	1
5	1	204	1	57	1
5	1	204	1	89	1
5	1	204	1	91	1
5	1	204	1	103	1
5	1	204	1	164	1
5	1	205	0	5	3
5	1	205	0	8	4
5	1	205	0	20	1
5	1	205	0	99	1
5	1	205	0	110	1
5	1	205	0	115	1
5	1	205	1	22	1
5	1	205	1	25	3
5	1	205	1	26	4
5	1	205	1	138	1
5	1	205	1	139	1
5	1	205	1	140	1
5	1	206	0	5	3
5	1	206	0	20	1
5	1	206	0	23	1
5	1	206	0	29	1
5	1	206	0	62	4
5	1	206	0	115	1
5	1	206	1	42	1
5	1	206	1	44	3
5	1	206	1	69	1
5	1	206	1	140	1
5	1	206	1	142	4
5	1	206	1	165	1
5	1	207	0	5	3
5	1	207	0	8	2
5	1	207	0	20	1
5	1	207	0	23	1
5	1	207	0	62	1
5	1	207	0	102	1
5	1	207	0	134	1
5	1	207	0	147	1
5	1	207	1	42	1
5	1	207	1	44	3
5	1	207	1	53	2
5	1	207	1	64	1
5	1	207	1	69	1
5	1	207	1	135	1
5	1	207	1	155	1
5	1	207	1	164	1
5	1	208	0	1	1
5	1	208	0	5	2
5	1	208	0	8	3
5	1	208	0	20	1
5	1	208	0	27	1
5	1	208	0	47	1
5	1	208	0	79	1
5	1	208	1	10	2
5	1	208	1	26	1
5	1	208	1	42	1
5	1	208	1	43	1
5	1	208	1	44	1
5	1	208	1	45	1
5	1	208	1	48	1
5	1	208	1	121	1
5	1	208	1	167	1
5	1	209	0	5	2
5	1	209	0	20	1
5	1	209	0	31	1
5	1	209	0	34	1
5	1	209	0	47	3
5	1	209	0	62	2
5	1	209	0	99	1
5	1	209	1	42	1
5	1	209	1	44	2
5	1	209	1	48	2
5	1	209	1	97	1
5	1	209	1	101	1
5	1	209	1	129	1
5	1	209	1	138	1
5	1	209	1	151	2
5	1	210	0	5	2
5	1	210	0	8	1
5	1	210	0	20	1
5	1	210	0	29	1
5	1	210	0	34	1
5	1	210	0	75	1
5	1	210	0	77	1
5	1	210	0	108	1
5	1	210	0	110	1
5	1	210	0	115	1
5	1	210	1	44	2
5	1	210	1	53	1
5	1	210	1	66	1
5	1	210	1	78	1
5	1	210	1	83	1
5	1	210	1	112	1
5	1	210	1	139	1
5	1	210	1	140	1
5	1	210	1	153	1
5	1	210	1	165	1
5	1	211	0	1	1
5	1	211	0	5	2
5	1	211	0	20	1
5	1	211	0	27	1
5	1	211	0	31	1
5	1	211	0	47	1
5	1	211	0	104	1
5	1	211	0	132	1
5	1	211	0	134	1
5	1	211	0	168	1
5	1	211	1	28	1
5	1	211	1	42	1
5	1	211	1	44	2
5	1	211	1	48	1
5	1	211	1	50	1
5	1	211	1	105	1
5	1	211	1	127	1
5	1	211	1	133	1
5	1	211	1	135	1
5	1	211	1	169	1
5	1	212	0	5	2
5	1	212	0	8	1
5	1	212	0	20	1
5	1	212	0	23	1
5	1	212	0	29	2
5	1	212	0	75	1
5	1	212	0	77	1
5	1	212	0	102	1
5	1	212	0	110	1
5	1	212	1	42	1
5	1	212	1	44	2
5	1	212	1	46	2
5	1	212	1	53	1
5	1	212	1	69	1
5	1	212	1	113	1
5	1	212	1	139	1
5	1	212	1	144	1
5	1	212	1	146	1
5	1	213	0	1	1
5	1	213	0	5	3
5	1	213	0	8	3
5	1	213	0	20	1
5	1	213	0	34	1
5	1	213	0	77	1
5	1	213	0	79	1
5	1	213	1	4	1
5	1	213	1	7	3
5	1	213	1	10	3
5	1	213	1	78	1
5	1	213	1	83	1
5	1	213	1	143	1
5	1	213	1	160	1
5	1	214	0	5	1
5	1	214	0	8	1
5	1	214	0	20	1
5	1	214	0	27	1
5	1	214	0	58	1
5	1	214	0	70	2
5	1	214	0	77	1
5	1	214	0	79	1
5	1	214	0	102	1
5	1	214	0	134	1
5	1	214	1	10	1
5	1	214	1	44	1
5	1	214	1	45	1
5	1	214	1	57	1
5	1	214	1	59	1
5	1	214	1	71	2
5	1	214	1	78	1
5	1	214	1	103	1
5	1	214	1	135	1
5	1	214	1	171	1
5	1	215	0	5	2
5	1	215	0	23	1
5	1	215	0	90	6
5	1	215	0	102	1
5	1	215	1	60	2
5	1	215	1	89	1
5	1	215	1	91	6
5	1	215	1	103	1
5	1	216	0	5	3
5	1	216	0	8	1
5	1	216	0	20	1
5	1	216	0	23	1
5	1	216	0	27	1
5	1	216	0	34	2
5	1	216	1	22	1
5	1	216	1	24	1
5	1	216	1	25	3
5	1	216	1	26	1
5	1	216	1	28	1
5	1	216	1	35	2
5	1	217	0	1	1
5	1	217	0	5	3
5	1	217	0	11	2
5	1	217	0	20	1
5	1	217	0	27	1
5	1	217	0	62	2
5	1	217	0	158	1
5	1	217	1	14	2
5	1	217	1	42	1
5	1	217	1	43	1
5	1	217	1	44	3
5	1	217	1	45	1
5	1	217	1	64	1
5	1	217	1	142	1
5	1	217	1	159	1
5	1	218	0	5	2
5	1	218	0	11	2
5	1	218	0	62	4
5	1	218	0	99	1
5	1	218	1	14	2
5	1	218	1	44	2
5	1	218	1	138	1
5	1	218	1	151	2
5	1	218	1	170	2
5	1	219	0	5	1
5	1	219	0	11	4
5	1	219	0	20	1
5	1	219	0	62	1
5	1	219	0	70	2
5	1	219	0	86	1
5	1	219	0	108	1
5	1	219	1	12	3
5	1	219	1	44	1
5	1	219	1	61	1
5	1	219	1	71	2
5	1	219	1	83	1
5	1	219	1	87	1
5	1	219	1	119	1
5	1	219	1	151	1
5	1	220	0	5	3
5	1	220	0	8	4
5	1	220	0	20	1
5	1	220	0	99	1
5	1	220	0	110	1
5	1	220	0	115	1
5	1	220	1	22	1
5	1	220	1	25	3
5	1	220	1	26	4
5	1	220	1	138	1
5	1	220	1	139	1
5	1	220	1	140	1
5	1	221	0	5	2
5	1	221	0	11	1
5	1	221	0	20	1
5	1	221	0	29	2
5	1	221	0	62	2
5	1	221	0	70	1
5	1	221	0	99	1
5	1	221	0	158	1
5	1	221	1	42	1
5	1	221	1	44	2
5	1	221	1	92	1
5	1	221	1	93	1
5	1	221	1	100	1
5	1	221	1	151	1
5	1	221	1	159	1
5	1	221	1	170	1
5	1	221	1	223	2
5	1	222	0	5	3
5	1	222	0	20	1
5	1	222	0	23	1
5	1	222	0	47	1
5	1	222	0	70	2
5	1	222	0	77	1
5	1	222	0	102	1
5	1	222	0	123	1
5	1	222	1	42	1
5	1	222	1	60	3
5	1	222	1	71	2
5	1	222	1	89	1
5	1	222	1	97	1
5	1	222	1	113	1
5	1	222	1	144	1
5	1	222	1	145	1
5	1	223	0	5	3
5	1	223	0	11	1
5	1	223	0	20	1
5	1	223	0	70	2
5	1	223	0	77	1
5	1	223	0	108	1
5	1	223	0	115	2
5	1	223	1	93	2
5	1	223	1	118	1
5	1	223	1	119	1
5	1	223	1	121	3
5	1	223	1	122	2
5	1	223	1	144	1
5	1	223	1	150	1
5	1	224	0	5	2
5	1	224	0	20	1
5	1	224	0	23	1
5	1	224	0	27	1
5	1	224	0	29	2
5	1	224	0	31	1
5	1	224	0	34	1
5	1	224	0	36	1
5	1	224	1	22	1
5	1	224	1	24	1
5	1	224	1	25	1
5	1	224	1	28	1
5	1	224	1	30	1
5	1	224	1	35	1
5	1	224	1	38	1
5	1	224	1	44	1
5	1	224	1	46	1
5	1	224	1	50	1
5	1	225	0	5	2
5	1	225	0	11	1
5	1	225	0	20	1
5	1	225	0	23	1
5	1	225	0	70	3
5	1	225	0	75	2
5	1	225	0	77	1
5	1	225	1	14	1
5	1	225	1	24	1
5	1	225	1	42	1
5	1	225	1	44	2
5	1	225	1	93	3
5	1	225	1	112	1
5	1	225	1	144	1
5	1	225	1	146	1
5	1	226	0	5	2
5	1	226	0	20	1
5	1	226	0	31	1
5	1	226	0	47	1
5	1	226	0	62	1
5	1	226	0	70	2
5	1	226	0	79	1
5	1	226	0	90	1
5	1	226	0	108	1
5	1	226	1	25	1
5	1	226	1	44	1
5	1	226	1	80	1
5	1	226	1	83	1
5	1	226	1	91	1
5	1	226	1	93	2
5	1	226	1	96	1
5	1	226	1	97	1
5	1	226	1	119	1
5	1	226	1	151	1
5	1	227	0	5	2
5	1	227	0	20	1
5	1	227	0	23	1
5	1	227	0	47	1
5	1	227	0	79	1
5	1	227	0	90	4
5	1	227	0	123	1
5	1	227	1	42	1
5	1	227	1	44	2
5	1	227	1	48	1
5	1	227	1	80	1
5	1	227	1	89	1
5	1	227	1	91	4
5	1	227	1	145	1
5	1	228	0	1	1
5	1	228	0	5	2
5	1	228	0	20	1
5	1	228	0	27	1
5	1	228	0	29	2
5	1	228	0	34	2
5	1	228	0	62	1
5	1	228	0	77	1
5	1	228	1	22	1
5	1	228	1	25	1
5	1	228	1	43	1
5	1	228	1	44	1
5	1	228	1	45	1
5	1	228	1	46	2
5	1	228	1	64	1
5	1	228	1	66	2
5	1	228	1	78	1
5	1	229	0	5	3
5	1	229	0	11	1
5	1	229	0	20	1
5	1	229	0	47	1
5	1	229	0	62	3
5	1	229	0	99	1
5	1	229	0	158	1
5	1	229	1	14	1
5	1	229	1	42	1
5	1	229	1	44	3
5	1	229	1	64	3
5	1	229	1	97	1
5	1	229	1	100	1
5	1	229	1	159	1
5	1	230	0	5	3
5	1	230	0	8	4
5	1	230	0	20	1
5	1	230	0	23	1
5	1	230	0	110	1
5	1	230	0	123	1
5	1	230	1	22	1
5	1	230	1	25	3
5	1	230	1	26	4
5	1	230	1	89	1
5	1	230	1	139	1
5	1	230	1	145	1
5	1	231	0	20	1
5	1	231	0	31	1
5	1	231	0	62	1
5	1	231	0	108	1
5	1	231	1	118	1
5	1	231	1	119	1
5	1	231	1	151	1
5	1	231	1	163	1
5	1	232	0	5	2
5	1	232	0	8	1
5	1	232	0	20	1
5	1	232	0	27	1
5	1	232	0	36	1
5	1	232	0	70	1
5	1	232	0	77	1
5	1	232	0	84	2
5	1	232	0	102	1
5	1	232	1	10	1
5	1	232	1	38	1
5	1	232	1	45	1
5	1	232	1	57	1
5	1	232	1	60	2
5	1	232	1	71	1
5	1	232	1	78	1
5	1	232	1	85	2
5	1	232	1	103	1
5	1	233	0	5	2
5	1	233	0	8	2
5	1	233	0	11	1
5	1	233	0	20	1
5	1	233	0	27	1
5	1	233	0	29	1
5	1	233	0	31	1
5	1	233	0	34	1
5	1	233	0	108	1
5	1	233	1	22	1
5	1	233	1	25	2
5	1	233	1	26	2
5	1	233	1	28	1
5	1	233	1	30	1
5	1	233	1	33	1
5	1	233	1	35	1
5	1	233	1	109	1
5	1	233	1	150	1
5	1	234	0	11	1
5	1	234	0	20	1
5	1	234	0	27	1
5	1	234	0	31	1
5	1	234	0	70	1
5	1	234	0	77	1
5	1	234	0	84	1
5	1	234	0	90	1
5	1	234	0	108	1
5	1	234	0	123	1
5	1	234	1	28	1
5	1	234	1	33	1
5	1	234	1	42	1
5	1	234	1	91	1
5	1	234	1	92	1
5	1	234	1	93	1
5	1	234	1	119	1
5	1	234	1	120	1
5	1	234	1	144	1
5	1	234	1	145	1
5	1	235	0	5	3
5	1	235	0	20	1
5	1	235	0	34	1
5	1	235	0	58	1
5	1	235	0	70	3
5	1	235	0	72	1
5	1	235	0	75	1
5	1	235	1	57	1
5	1	235	1	59	1
5	1	235	1	60	3
5	1	235	1	71	3
5	1	235	1	73	1
5	1	235	1	76	1
5	1	235	1	129	1
5	1	236	0	5	3
5	1	236	0	20	1
5	1	236	0	31	2
5	1	236	0	36	1
5	1	236	0	77	1
5	1	236	0	84	2
5	1	236	0	99	1
5	1	236	1	7	3
5	1	236	1	78	1
5	1	236	1	83	1
5	1	236	1	85	2
5	1	236	1	100	1
5	1	236	1	101	1
5	1	236	1	137	1
5	1	236	1	163	1
5	1	237	0	5	2
5	1	237	0	8	1
5	1	237	0	20	1
5	1	237	0	23	1
5	1	237	0	27	1
5	1	237	0	47	1
5	1	237	0	79	1
5	1	237	0	84	2
5	1	237	0	102	1
5	1	237	1	24	1
5	1	237	1	28	1
5	1	237	1	42	1
5	1	237	1	44	2
5	1	237	1	48	1
5	1	237	1	53	1
5	1	237	1	80	1
5	1	237	1	120	2
5	1	237	1	164	1
5	1	238	0	5	3
5	1	238	0	11	2
5	1	238	0	20	1
5	1	238	0	62	3
5	1	238	0	108	1
5	1	238	0	158	1
5	1	238	1	14	2
5	1	238	1	42	1
5	1	238	1	44	3
5	1	238	1	109	1
5	1	238	1	142	3
5	1	238	1	159	1
5	1	239	0	5	2
5	1	239	0	11	2
5	1	239	0	20	1
5	1	239	0	62	2
5	1	239	0	90	1
5	1	239	0	99	1
5	1	239	0	158	1
5	1	239	0	220	1
5	1	239	1	14	2
5	1	239	1	44	2
5	1	239	1	91	1
5	1	239	1	118	1
5	1	239	1	138	1
5	1	239	1	142	1
5	1	239	1	151	1
5	1	239	1	159	1
5	1	239	1	221	1
5	1	240	0	5	2
5	1	240	0	8	2
5	1	240	0	20	1
5	1	240	0	23	1
5	1	240	0	77	1
5	1	240	0	102	2
5	1	240	0	110	1
5	1	240	0	115	1
5	1	240	1	24	1
5	1	240	1	42	1
5	1	240	1	44	2
5	1	240	1	53	2
5	1	240	1	113	2
5	1	240	1	116	1
5	1	240	1	144	1
5	1	240	1	157	1
5	1	241	0	5	4
5	1	241	0	8	2
5	1	241	0	20	1
5	1	241	0	23	1
5	1	241	0	84	1
5	1	241	0	110	1
5	1	241	1	10	1
5	1	241	1	44	1
5	1	241	1	53	1
5	1	241	1	57	1
5	1	241	1	60	3
5	1	241	1	89	1
5	1	241	1	120	1
5	1	241	1	139	1
5	1	242	0	1	1
5	1	242	0	5	4
5	1	242	0	8	3
5	1	242	0	20	1
5	1	242	0	75	1
5	1	242	0	110	1
5	1	242	1	4	1
5	1	242	1	7	4
5	1	242	1	10	3
5	1	242	1	83	1
5	1	242	1	111	1
5	1	242	1	112	1
5	1	243	0	1	1
5	1	243	0	5	2
5	1	243	0	11	2
5	1	243	0	20	1
5	1	243	0	27	1
5	1	243	0	31	1
5	1	243	0	75	1
5	1	243	0	125	1
5	1	243	1	44	2
5	1	243	1	57	1
5	1	243	1	61	2
5	1	243	1	76	1
5	1	243	1	126	1
5	1	243	1	127	1
5	1	243	1	152	1
5	1	243	1	163	1
5	1	244	0	1	1
5	1	244	0	5	3
5	1	244	0	20	1
5	1	244	0	27	1
5	1	244	0	77	1
5	1	244	0	84	3
5	1	244	1	28	1
5	1	244	1	118	1
5	1	244	1	120	3
5	1	244	1	121	3
5	1	244	1	127	1
5	1	244	1	144	1
5	1	245	0	5	2
5	1	245	0	8	3
5	1	245	0	11	3
5	1	245	0	20	1
5	1	245	0	84	1
5	1	245	1	25	1
5	1	245	1	26	1
5	1	245	1	44	1
5	1	245	1	53	2
5	1	245	1	61	3
5	1	245	1	83	1
5	1	245	1	85	1
5	1	246	0	5	2
5	1	246	0	20	1
5	1	246	0	27	1
5	1	246	0	36	2
5	1	246	0	47	2
5	1	246	0	77	1
5	1	246	0	84	1
5	1	246	0	99	1
5	1	246	1	42	1
5	1	246	1	44	2
5	1	246	1	48	2
5	1	246	1	74	1
5	1	246	1	78	1
5	1	246	1	85	1
5	1	246	1	138	1
5	1	246	1	152	1
5	1	246	1	154	1
5	1	247	0	5	3
5	1	247	0	8	3
5	1	247	0	20	1
5	1	247	0	23	1
5	1	247	0	34	1
5	1	247	0	110	1
5	1	247	0	115	1
5	1	247	1	22	1
5	1	247	1	24	1
5	1	247	1	25	3
5	1	247	1	26	3
5	1	247	1	35	1
5	1	247	1	139	1
5	1	247	1	140	1
5	1	248	0	5	3
5	1	248	0	20	1
5	1	248	0	23	1
5	1	248	0	36	1
5	1	248	0	70	3
5	1	248	0	75	1
5	1	248	0	77	1
5	1	248	1	38	1
5	1	248	1	60	1
5	1	248	1	89	1
5	1	248	1	93	3
5	1	248	1	118	1
5	1	248	1	121	2
5	1	248	1	144	1
5	1	248	1	146	1
5	1	249	0	1	1
5	1	249	0	5	3
5	1	249	0	20	1
5	1	249	0	27	1
5	1	249	0	34	1
5	1	249	0	47	2
5	1	249	0	62	1
5	1	249	0	79	1
5	1	249	1	28	1
5	1	249	1	42	1
5	1	249	1	44	3
5	1	249	1	48	1
5	1	249	1	52	1
5	1	249	1	97	1
5	1	249	1	127	1
5	1	249	1	143	1
5	1	249	1	151	1
5	1	250	0	5	3
5	1	250	0	20	1
5	1	250	0	27	2
5	1	250	0	47	1
5	1	250	0	62	1
5	1	250	0	79	1
5	1	250	0	84	1
5	1	250	0	99	1
5	1	250	1	22	1
5	1	250	1	28	2
5	1	250	1	44	3
5	1	250	1	48	1
5	1	250	1	64	1
5	1	250	1	80	1
5	1	250	1	100	1
5	1	250	1	120	1
5	1	251	0	1	1
5	1	251	0	5	2
5	1	251	0	20	1
5	1	251	0	29	3
5	1	251	0	31	1
5	1	251	0	47	1
5	1	251	0	62	2
5	1	251	1	42	1
5	1	251	1	43	1
5	1	251	1	44	2
5	1	251	1	46	1
5	1	251	1	48	1
5	1	251	1	50	1
5	1	251	1	151	2
5	1	251	1	223	2
5	1	252	0	5	3
5	1	252	0	8	2
5	1	252	0	20	1
5	1	252	0	23	1
5	1	252	0	77	2
5	1	252	0	90	1
5	1	252	0	115	1
5	1	252	1	42	1
5	1	252	1	53	2
5	1	252	1	60	3
5	1	252	1	89	1
5	1	252	1	91	1
5	1	252	1	140	1
5	1	252	1	144	2
5	1	253	0	5	2
5	1	253	0	8	1
5	1	253	0	20	1
5	1	253	0	29	5
5	1	253	0	58	1
5	1	253	0	62	1
5	1	253	1	22	1
5	1	253	1	25	2
5	1	253	1	30	1
5	1	253	1	53	1
5	1	253	1	64	1
5	1	253	1	149	1
5	1	253	1	165	4
5	1	254	0	1	1
5	1	254	0	5	5
5	1	254	0	20	1
5	1	254	0	62	4
5	1	254	1	42	1
5	1	254	1	43	1
5	1	254	1	44	5
5	1	254	1	156	4
5	1	255	0	5	3
5	1	255	0	15	1
5	1	255	0	20	1
5	1	255	0	62	3
5	1	255	0	99	1
5	1	255	0	158	2
5	1	255	1	42	1
5	1	255	1	44	3
5	1	255	1	100	1
5	1	255	1	142	1
5	1	255	1	159	3
5	1	255	1	170	2
5	1	256	0	1	1
5	1	256	0	5	2
5	1	256	0	20	1
5	1	256	0	27	1
5	1	256	0	31	1
5	1	256	0	47	2
5	1	256	0	62	2
5	1	256	0	102	1
5	1	256	1	42	1
5	1	256	1	43	1
5	1	256	1	44	2
5	1	256	1	48	2
5	1	256	1	50	1
5	1	256	1	113	1
5	1	256	1	142	1
5	1	256	1	151	1
5	1	256	1	152	1
5	1	257	0	5	1
5	1	257	0	20	1
5	1	257	0	23	1
5	1	257	0	70	4
5	1	257	0	77	1
5	1	257	0	102	1
5	1	257	0	115	1
5	1	257	1	42	1
5	1	257	1	44	1
5	1	257	1	71	1
5	1	257	1	89	1
5	1	257	1	93	3
5	1	257	1	122	1
5	1	257	1	144	1
5	1	257	1	164	1
5	1	258	0	5	2
5	1	258	0	11	3
5	1	258	0	20	1
5	1	258	0	27	1
5	1	258	0	62	1
5	1	258	0	70	2
5	1	258	0	108	1
5	1	258	1	12	1
5	1	258	1	25	2
5	1	258	1	42	1
5	1	258	1	45	1
5	1	258	1	92	2
5	1	258	1	93	2
5	1	258	1	119	1
5	1	258	1	151	1
5	1	259	0	5	3
5	1	259	0	8	2
5	1	259	0	20	1
5	1	259	0	23	1
5	1	259	0	77	2
5	1	259	0	115	2
5	1	259	1	42	1
5	1	259	1	44	3
5	1	259	1	53	2
5	1	259	1	69	1
5	1	259	1	116	1
5	1	259	1	140	1
5	1	259	1	144	2
5	1	260	0	5	2
5	1	260	0	11	1
5	1	260	0	20	1
5	1	260	0	62	4
5	1	260	0	99	1
5	1	260	0	158	1
5	1	260	1	25	2
5	1	260	1	61	1
5	1	260	1	118	1
5	1	260	1	138	1
5	1	260	1	151	4
5	1	260	1	159	1
5	1	261	0	5	2
5	1	261	0	8	1
5	1	261	0	20	1
5	1	261	0	23	1
5	1	261	0	70	1
5	1	261	0	77	1
5	1	261	0	102	2
5	1	261	0	110	1
5	1	261	0	132	1
5	1	261	1	22	1
5	1	261	1	44	1
5	1	261	1	53	1
5	1	261	1	60	1
5	1	261	1	89	1
5	1	261	1	93	1
5	1	261	1	133	1
5	1	261	1	144	1
5	1	261	1	157	1
5	1	261	1	164	2
5	1	262	0	5	2
5	1	262	0	20	1
5	1	262	0	27	1
5	1	262	0	47	1
5	1	262	0	58	1
5	1	262	0	79	1
5	1	262	0	90	3
5	1	262	0	123	1
5	1	262	1	42	1
5	1	262	1	44	2
5	1	262	1	45	1
5	1	262	1	48	1
5	1	262	1	80	1
5	1	262	1	91	3
5	1	262	1	141	1
5	1	262	1	145	1
5	1	263	0	5	3
5	1	263	0	8	1
5	1	263	0	20	1
5	1	263	0	84	1
5	1	263	0	86	2
5	1	263	0	90	3
5	1	263	1	53	1
5	1	263	1	57	1
5	1	263	1	60	3
5	1	263	1	87	2
5	1	263	1	91	3
5	1	263	1	120	1
5	1	264	0	5	4
5	1	264	0	8	1
5	1	264	0	20	1
5	1	264	0	84	2
5	1	264	0	86	1
5	1	264	0	90	2
5	1	264	1	53	1
5	1	264	1	57	1
5	1	264	1	60	4
5	1	264	1	87	1
5	1	264	1	91	2
5	1	264	1	120	2
5	1	265	0	5	3
5	1	265	0	20	1
5	1	265	0	47	3
5	1	265	0	58	1
5	1	265	0	70	2
5	1	265	0	75	1
5	1	265	1	57	1
5	1	265	1	59	1
5	1	265	1	60	3
5	1	265	1	71	2
5	1	265	1	76	1
5	1	265	1	97	3
5	1	266	0	5	2
5	1	266	0	8	2
5	1	266	0	20	1
5	1	266	0	47	1
5	1	266	0	77	2
5	1	266	0	99	1
5	1	266	0	102	2
5	1	266	1	26	2
5	1	266	1	42	1
5	1	266	1	44	2
5	1	266	1	48	1
5	1	266	1	78	2
5	1	266	1	113	1
5	1	266	1	138	1
5	1	266	1	164	1
5	1	267	0	5	2
5	1	267	0	8	2
5	1	267	0	20	1
5	1	267	0	29	1
5	1	267	0	58	1
5	1	267	0	75	2
5	1	267	0	123	1
5	1	267	1	10	2
5	1	267	1	44	1
5	1	267	1	46	1
5	1	267	1	57	1
5	1	267	1	59	1
5	1	267	1	60	1
5	1	267	1	76	2
5	1	267	1	124	1
5	1	268	0	5	2
5	1	268	0	20	1
5	1	268	0	34	1
5	1	268	0	62	1
5	1	268	0	70	1
5	1	268	0	77	1
5	1	268	0	84	1
5	1	268	0	90	1
5	1	268	0	102	1
5	1	268	0	108	1
5	1	268	1	44	1
5	1	268	1	66	1
5	1	268	1	85	1
5	1	268	1	91	1
5	1	268	1	93	1
5	1	268	1	118	1
5	1	268	1	119	1
5	1	268	1	121	1
5	1	268	1	144	1
5	1	268	1	151	1
5	1	268	1	164	1
5	1	269	0	5	2
5	1	269	0	20	1
5	1	269	0	58	1
5	1	269	0	70	7
5	1	269	1	42	1
5	1	269	1	44	2
5	1	269	1	93	7
5	1	269	1	141	1
5	1	270	0	1	1
5	1	270	0	5	2
5	1	270	0	8	1
5	1	270	0	11	1
5	1	270	0	20	1
5	1	270	0	29	1
5	1	270	0	31	1
5	1	270	0	47	2
5	1	270	0	77	1
5	1	270	1	14	1
5	1	270	1	42	1
5	1	270	1	43	1
5	1	270	1	44	2
5	1	270	1	48	2
5	1	270	1	50	1
5	1	270	1	53	1
5	1	270	1	78	1
5	1	270	1	222	1
5	1	271	0	1	1
5	1	271	0	5	2
5	1	271	0	20	1
5	1	271	0	27	1
5	1	271	0	29	1
5	1	271	0	31	1
5	1	271	0	34	1
5	1	271	0	47	2
5	1	271	1	42	1
5	1	271	1	43	1
5	1	271	1	44	2
5	1	271	1	48	2
5	1	271	1	52	1
5	1	271	1	152	1
5	1	271	1	166	1
5	1	271	1	222	1
5	1	272	0	5	2
5	1	272	0	20	1
5	1	272	0	27	1
5	1	272	0	47	1
5	1	272	0	58	1
5	1	272	0	79	1
5	1	272	0	90	3
5	1	272	0	123	1
5	1	272	1	42	1
5	1	272	1	44	2
5	1	272	1	45	1
5	1	272	1	48	1
5	1	272	1	80	1
5	1	272	1	91	3
5	1	272	1	141	1
5	1	272	1	145	1
5	1	273	0	5	3
5	1	273	0	11	1
5	1	273	0	20	1
5	1	273	0	29	2
5	1	273	0	108	1
5	1	273	0	115	1
5	1	273	0	161	1
5	1	273	1	14	1
5	1	273	1	22	1
5	1	273	1	25	3
5	1	273	1	30	2
5	1	273	1	109	1
5	1	273	1	140	1
5	1	273	1	162	1
5	1	274	0	5	3
5	1	274	0	8	1
5	1	274	0	11	1
5	1	274	0	20	1
5	1	274	0	58	1
5	1	274	0	70	1
5	1	274	0	75	1
5	1	274	0	77	1
5	1	274	0	115	1
5	1	274	1	25	1
5	1	274	1	42	1
5	1	274	1	44	2
5	1	274	1	53	1
5	1	274	1	92	1
5	1	274	1	93	1
5	1	274	1	116	1
5	1	274	1	144	1
5	1	274	1	146	1
5	1	274	1	149	1
5	1	275	0	5	3
5	1	275	0	8	2
5	1	275	0	20	1
5	1	275	0	36	1
5	1	275	0	77	1
5	1	275	0	79	1
5	1	275	0	102	1
5	1	275	0	108	1
5	1	275	1	7	3
5	1	275	1	10	2
5	1	275	1	38	1
5	1	275	1	78	1
5	1	275	1	83	1
5	1	275	1	103	1
5	1	275	1	143	1
5	1	275	1	153	1
5	1	276	0	1	1
5	1	276	0	5	2
5	1	276	0	8	1
5	1	276	0	20	1
5	1	276	0	27	1
5	1	276	0	31	1
5	1	276	0	62	1
5	1	276	0	77	1
5	1	276	0	102	1
5	1	276	1	42	1
5	1	276	1	43	1
5	1	276	1	44	2
5	1	276	1	45	1
5	1	276	1	50	1
5	1	276	1	53	1
5	1	276	1	64	1
5	1	276	1	144	1
5	1	276	1	164	1
5	1	277	0	5	2
5	1	277	0	20	1
5	1	277	0	27	1
5	1	277	0	34	1
5	1	277	0	84	2
5	1	277	0	99	1
5	1	277	0	115	1
5	1	277	0	132	1
5	1	277	0	134	1
5	1	277	1	28	1
5	1	277	1	35	1
5	1	277	1	42	1
5	1	277	1	44	2
5	1	277	1	100	1
5	1	277	1	120	2
5	1	277	1	122	1
5	1	277	1	133	1
5	1	277	1	135	1
5	1	278	0	5	2
5	1	278	0	11	2
5	1	278	0	20	1
5	1	278	0	27	1
5	1	278	0	34	1
5	1	278	0	47	2
5	1	278	0	77	1
5	1	278	0	99	1
5	1	278	1	14	2
5	1	278	1	28	1
5	1	278	1	35	1
5	1	278	1	42	1
5	1	278	1	44	2
5	1	278	1	48	2
5	1	278	1	78	1
5	1	278	1	138	1
5	1	279	0	5	2
5	1	279	0	8	2
5	1	279	0	11	1
5	1	279	0	20	1
5	1	279	0	75	1
5	1	279	0	108	1
5	1	279	0	110	1
5	1	279	0	115	1
5	1	279	1	44	2
5	1	279	1	53	2
5	1	279	1	57	1
5	1	279	1	92	1
5	1	279	1	112	1
5	1	279	1	119	1
5	1	279	1	122	1
5	1	279	1	139	1
5	1	280	0	1	1
5	1	280	0	5	3
5	1	280	0	8	2
5	1	280	0	20	1
5	1	280	0	31	2
5	1	280	0	47	1
5	1	280	1	7	3
5	1	280	1	10	2
5	1	280	1	42	1
5	1	280	1	43	1
5	1	280	1	50	1
5	1	280	1	97	1
5	1	280	1	101	1
5	1	281	0	5	2
5	1	281	0	20	1
5	1	281	0	23	1
5	1	281	0	29	1
5	1	281	0	31	1
5	1	281	0	47	2
5	1	281	0	77	1
5	1	281	0	104	1
5	1	281	0	147	1
5	1	281	1	25	1
5	1	281	1	42	1
5	1	281	1	44	1
5	1	281	1	48	1
5	1	281	1	50	1
5	1	281	1	69	1
5	1	281	1	78	1
5	1	281	1	97	1
5	1	281	1	105	1
5	1	281	1	155	1
5	1	281	1	165	1
5	1	282	0	1	1
5	1	282	0	5	3
5	1	282	0	20	1
5	1	282	0	47	1
5	1	282	0	62	1
5	1	282	0	79	1
5	1	282	0	84	1
5	1	282	0	147	2
5	1	282	1	42	1
5	1	282	1	43	1
5	1	282	1	44	3
5	1	282	1	48	1
5	1	282	1	64	1
5	1	282	1	85	1
5	1	282	1	148	1
5	1	282	1	155	1
5	1	282	1	167	1
5	1	283	0	5	2
5	1	283	0	8	2
5	1	283	0	20	1
5	1	283	0	23	1
5	1	283	0	75	2
5	1	283	0	77	1
5	1	283	0	90	2
5	1	283	1	44	2
5	1	283	1	53	2
5	1	283	1	57	1
5	1	283	1	89	1
5	1	283	1	91	2
5	1	283	1	144	1
5	1	283	1	146	2
5	1	284	0	5	3
5	1	284	0	8	4
5	1	284	0	20	1
5	1	284	0	75	1
5	1	284	0	108	1
5	1	284	0	110	1
5	1	284	1	7	3
5	1	284	1	10	4
5	1	284	1	57	1
5	1	284	1	112	1
5	1	284	1	139	1
5	1	284	1	153	1
5	1	285	0	5	2
5	1	285	0	8	1
5	1	285	0	20	1
5	1	285	0	27	1
5	1	285	0	29	1
5	1	285	0	34	2
5	1	285	0	77	1
5	1	285	0	79	1
5	1	285	0	108	1
5	1	285	1	22	1
5	1	285	1	25	2
5	1	285	1	26	1
5	1	285	1	28	1
5	1	285	1	30	1
5	1	285	1	35	2
5	1	285	1	78	1
5	1	285	1	80	1
5	1	285	1	109	1
5	1	286	0	1	1
5	1	286	0	5	3
5	1	286	0	8	2
5	1	286	0	11	4
5	1	286	0	20	1
5	1	286	1	4	1
5	1	286	1	7	3
5	1	286	1	10	2
5	1	286	1	12	4
5	1	286	1	42	1
5	1	287	0	5	3
5	1	287	0	11	3
5	1	287	0	20	1
5	1	287	0	62	2
5	1	287	0	99	1
5	1	287	0	158	1
5	1	287	1	14	3
5	1	287	1	42	1
5	1	287	1	44	3
5	1	287	1	138	1
5	1	287	1	142	2
5	1	287	1	159	1
5	1	288	0	5	2
5	1	288	0	8	1
5	1	288	0	20	1
5	1	288	0	23	1
5	1	288	0	27	1
5	1	288	0	77	2
5	1	288	0	79	1
5	1	288	0	102	1
5	1	288	0	110	1
5	1	288	1	22	1
5	1	288	1	24	1
5	1	288	1	25	1
5	1	288	1	26	1
5	1	288	1	44	1
5	1	288	1	45	1
5	1	288	1	78	2
5	1	288	1	80	1
5	1	288	1	103	1
5	1	288	1	139	1
5	1	289	0	5	4
5	1	289	0	20	1
5	1	289	0	23	1
5	1	289	0	27	1
5	1	289	0	29	1
5	1	289	0	34	1
5	1	289	0	62	1
5	1	289	0	75	1
5	1	289	1	57	1
5	1	289	1	60	4
5	1	289	1	64	1
5	1	289	1	69	1
5	1	289	1	76	1
5	1	289	1	129	1
5	1	289	1	152	1
5	1	289	1	165	1
5	1	290	0	1	1
5	1	290	0	5	3
5	1	290	0	20	1
5	1	290	0	34	1
5	1	290	0	70	3
5	1	290	0	72	1
5	1	290	0	75	1
5	1	290	1	57	1
5	1	290	1	60	3
5	1	290	1	71	3
5	1	290	1	73	1
5	1	290	1	76	1
5	1	290	1	127	1
5	1	290	1	129	1
5	1	291	0	5	2
5	1	291	0	20	1
5	1	291	0	27	1
5	1	291	0	34	1
5	1	291	0	47	1
5	1	291	0	77	1
5	1	291	0	79	1
5	1	291	0	84	1
5	1	291	0	99	1
5	1	291	0	110	1
5	1	291	1	42	1
5	1	291	1	44	2
5	1	291	1	48	1
5	1	291	1	78	1
5	1	291	1	100	1
5	1	291	1	120	1
5	1	291	1	139	1
5	1	291	1	152	1
5	1	291	1	160	1
5	1	291	1	167	1
5	1	292	0	1	1
5	1	292	0	5	2
5	1	292	0	8	1
5	1	292	0	20	1
5	1	292	0	34	1
5	1	292	0	36	1
5	1	292	0	47	1
5	1	292	0	62	1
5	1	292	0	132	1
5	1	292	1	35	1
5	1	292	1	42	1
5	1	292	1	44	2
5	1	292	1	48	1
5	1	292	1	53	1
5	1	292	1	64	1
5	1	292	1	127	1
5	1	292	1	133	1
5	1	292	1	154	1
5	1	293	0	5	3
5	1	293	0	8	2
5	1	293	0	20	1
5	1	293	0	23	1
5	1	293	0	70	1
5	1	293	0	77	1
5	1	293	0	102	1
5	1	293	0	115	1
5	1	293	1	7	1
5	1	293	1	26	1
5	1	293	1	53	1
5	1	293	1	57	1
5	1	293	1	60	2
5	1	293	1	71	1
5	1	293	1	89	1
5	1	293	1	103	1
5	1	293	1	116	1
5	1	293	1	144	1
5	1	294	0	1	1
5	1	294	0	5	3
5	1	294	0	8	3
5	1	294	0	11	3
5	1	294	0	20	1
5	1	294	1	14	1
5	1	294	1	42	1
5	1	294	1	43	1
5	1	294	1	44	3
5	1	294	1	53	3
5	1	294	1	92	2
5	1	295	0	1	1
5	1	295	0	5	2
5	1	295	0	8	1
5	1	295	0	20	1
5	1	295	0	31	1
5	1	295	0	47	3
5	1	295	0	79	2
5	1	295	1	26	1
5	1	295	1	42	1
5	1	295	1	44	2
5	1	295	1	48	1
5	1	295	1	80	1
5	1	295	1	96	1
5	1	295	1	97	2
5	1	295	1	127	1
5	1	295	1	171	1
5	1	296	0	5	3
5	1	296	0	20	1
5	1	296	0	27	1
5	1	296	0	34	2
5	1	296	0	47	1
5	1	296	0	58	1
5	1	296	0	70	2
5	1	296	1	57	1
5	1	296	1	59	1
5	1	296	1	60	3
5	1	296	1	71	2
5	1	296	1	97	1
5	1	296	1	129	2
5	1	296	1	152	1
5	1	297	0	5	2
5	1	297	0	8	1
5	1	297	0	11	1
5	1	297	0	20	1
5	1	297	0	58	1
5	1	297	0	77	1
5	1	297	0	84	2
5	1	297	0	115	2
5	1	297	1	14	1
5	1	297	1	42	1
5	1	297	1	44	2
5	1	297	1	53	1
5	1	297	1	116	1
5	1	297	1	120	2
5	1	297	1	122	1
5	1	297	1	141	1
5	1	297	1	144	1
5	1	298	0	5	2
5	1	298	0	20	1
5	1	298	0	77	3
5	1	298	0	102	3
5	1	298	0	108	1
5	1	298	0	110	1
5	1	298	1	7	2
5	1	298	1	78	2
5	1	298	1	83	1
5	1	298	1	111	1
5	1	298	1	144	1
5	1	298	1	153	1
5	1	298	1	164	3
5	1	299	0	8	1
5	1	299	0	20	1
5	1	299	0	23	1
5	1	299	0	27	1
5	1	299	0	34	1
5	1	299	0	36	1
5	1	299	0	77	2
5	1	299	0	79	1
5	1	299	0	110	1
5	1	299	1	26	1
5	1	299	1	28	1
5	1	299	1	66	1
5	1	299	1	74	1
5	1	299	1	78	2
5	1	299	1	89	1
5	1	299	1	118	1
5	1	299	1	143	1
5	1	299	1	157	1
5	1	300	0	5	2
5	1	300	0	8	1
5	1	300	0	11	2
5	1	300	0	34	1
5	1	300	0	75	1
5	1	300	0	84	2
5	1	300	0	108	1
5	1	300	1	14	1
5	1	300	1	35	1
5	1	300	1	44	2
5	1	300	1	53	1
5	1	300	1	61	1
5	1	300	1	76	1
5	1	300	1	119	1
5	1	300	1	120	2
5	1	301	0	5	2
5	1	301	0	11	6
5	1	301	0	20	1
5	1	301	0	84	1
5	1	301	0	90	1
5	1	301	1	12	1
5	1	301	1	44	1
5	1	301	1	60	1
5	1	301	1	61	1
5	1	301	1	91	1
5	1	301	1	92	4
5	1	301	1	118	1
5	1	301	1	120	1
5	1	302	0	1	1
5	1	302	0	8	1
5	1	302	0	20	1
5	1	302	0	62	4
5	1	302	0	147	4
5	1	302	1	4	1
5	1	302	1	26	1
5	1	302	1	42	1
5	1	302	1	64	1
5	1	302	1	148	4
5	1	302	1	151	3
5	1	303	0	1	1
5	1	303	0	5	1
5	1	303	0	20	1
5	1	303	0	27	1
5	1	303	0	29	3
5	1	303	0	34	1
5	1	303	0	47	1
5	1	303	0	62	1
5	1	303	0	110	1
5	1	303	1	28	1
5	1	303	1	42	1
5	1	303	1	44	1
5	1	303	1	46	1
5	1	303	1	48	1
5	1	303	1	64	1
5	1	303	1	66	1
5	1	303	1	127	1
5	1	303	1	157	1
5	1	303	1	222	2
5	1	304	0	1	1
5	1	304	0	5	2
5	1	304	0	8	3
5	1	304	0	20	1
5	1	304	0	34	2
5	1	304	0	77	1
5	1	304	0	147	1
5	1	304	1	22	1
5	1	304	1	25	2
5	1	304	1	26	3
5	1	304	1	35	2
5	1	304	1	43	1
5	1	304	1	78	1
5	1	304	1	148	1
5	1	305	0	5	2
5	1	305	0	20	1
5	1	305	0	62	1
5	1	305	0	70	2
5	1	305	0	77	4
5	1	305	0	108	1
5	1	305	1	93	2
5	1	305	1	118	1
5	1	305	1	119	1
5	1	305	1	121	2
5	1	305	1	144	4
5	1	305	1	151	1
5	1	306	0	5	2
5	1	306	0	8	2
5	1	306	0	20	1
5	1	306	0	77	1
5	1	306	0	84	2
5	1	306	0	102	1
5	1	306	0	108	1
5	1	306	0	115	1
5	1	306	1	44	2
5	1	306	1	53	2
5	1	306	1	83	1
5	1	306	1	85	2
5	1	306	1	109	1
5	1	306	1	113	1
5	1	306	1	122	1
5	1	306	1	144	1
5	1	307	0	1	1
5	1	307	0	5	2
5	1	307	0	20	1
5	1	307	0	27	1
5	1	307	0	62	2
5	1	307	0	77	1
5	1	307	0	79	1
5	1	307	0	104	1
5	1	307	0	134	1
5	1	307	1	28	1
5	1	307	1	42	1
5	1	307	1	43	1
5	1	307	1	44	2
5	1	307	1	78	1
5	1	307	1	105	1
5	1	307	1	135	1
5	1	307	1	151	2
5	1	307	1	167	1
5	1	308	0	5	3
5	1	308	0	8	1
5	1	308	0	20	1
5	1	308	0	23	1
5	1	308	0	27	2
5	1	308	0	34	1
5	1	308	0	47	2
5	1	308	1	7	1
5	1	308	1	28	1
5	1	308	1	42	1
5	1	308	1	44	1
5	1	308	1	48	2
5	1	308	1	52	1
5	1	308	1	53	1
5	1	308	1	69	1
5	1	308	1	121	1
5	1	308	1	152	1
5	1	309	0	1	1
5	1	309	0	5	2
5	1	309	0	8	1
5	1	309	0	20	1
5	1	309	0	27	1
5	1	309	0	34	1
5	1	309	0	77	2
5	1	309	0	84	1
5	1	309	0	102	1
5	1	309	1	22	1
5	1	309	1	28	1
5	1	309	1	44	2
5	1	309	1	53	1
5	1	309	1	66	1
5	1	309	1	78	2
5	1	309	1	85	1
5	1	309	1	103	1
5	1	309	1	127	1
5	1	310	0	5	3
5	1	310	0	11	1
5	1	310	0	20	1
5	1	310	0	70	1
5	1	310	0	84	1
5	1	310	0	86	2
5	1	310	0	90	2
5	1	310	1	57	1
5	1	310	1	60	3
5	1	310	1	61	1
5	1	310	1	87	2
5	1	310	1	91	2
5	1	310	1	93	1
5	1	310	1	120	1
5	1	311	0	5	2
5	1	311	0	8	2
5	1	311	0	20	1
5	1	311	0	27	1
5	1	311	0	36	1
5	1	311	0	75	1
5	1	311	0	77	1
5	1	311	0	108	1
5	1	311	0	110	1
5	1	311	1	7	1
5	1	311	1	38	1
5	1	311	1	44	1
5	1	311	1	53	2
5	1	311	1	57	1
5	1	311	1	112	1
5	1	311	1	119	1
5	1	311	1	144	1
5	1	311	1	152	1
5	1	311	1	157	1
5	1	312	0	5	2
5	1	312	0	20	1
5	1	312	0	27	1
5	1	312	0	31	1
5	1	312	0	47	1
5	1	312	0	62	1
5	1	312	0	99	1
5	1	312	0	104	1
5	1	312	0	134	1
5	1	312	1	28	1
5	1	312	1	42	1
5	1	312	1	44	2
5	1	312	1	48	1
5	1	312	1	50	1
5	1	312	1	105	1
5	1	312	1	135	1
5	1	312	1	138	1
5	1	312	1	151	1
5	1	313	0	1	1
5	1	313	0	5	4
5	1	313	0	20	1
5	1	313	0	27	1
5	1	313	0	31	1
5	1	313	0	36	1
5	1	313	0	47	2
5	1	313	1	57	1
5	1	313	1	60	4
5	1	313	1	74	1
5	1	313	1	97	2
5	1	313	1	127	1
5	1	313	1	152	1
5	1	313	1	163	1
5	1	314	0	5	2
5	1	314	0	8	1
5	1	314	0	20	1
5	1	314	0	23	1
5	1	314	0	27	1
5	1	314	0	132	1
5	1	314	0	147	1
5	1	314	0	158	1
5	1	314	0	220	1
5	1	314	1	28	1
5	1	314	1	42	1
5	1	314	1	44	1
5	1	314	1	53	1
5	1	314	1	69	1
5	1	314	1	121	1
5	1	314	1	133	1
5	1	314	1	155	1
5	1	314	1	159	1
5	1	314	1	221	1
5	1	315	0	1	1
5	1	315	0	5	3
5	1	315	0	8	3
5	1	315	0	20	1
5	1	315	0	77	1
5	1	315	0	79	1
5	1	315	0	102	1
5	1	315	1	4	1
5	1	315	1	7	3
5	1	315	1	10	3
5	1	315	1	78	1
5	1	315	1	83	1
5	1	315	1	103	1
5	1	315	1	143	1
5	1	316	0	5	2
5	1	316	0	11	5
5	1	316	0	20	1
5	1	316	0	99	1
5	1	316	0	125	1
5	1	316	1	14	4
5	1	316	1	22	1
5	1	316	1	25	2
5	1	316	1	92	1
5	1	316	1	126	1
5	1	316	1	138	1
5	1	317	0	5	2
5	1	317	0	20	1
5	1	317	0	29	3
5	1	317	0	62	2
5	1	317	0	99	1
5	1	317	0	125	1
5	1	317	1	22	1
5	1	317	1	44	2
5	1	317	1	46	1
5	1	317	1	64	2
5	1	317	1	126	1
5	1	317	1	138	1
5	1	317	1	165	2
5	1	318	0	8	4
5	1	318	0	11	3
5	1	318	0	20	1
5	1	318	0	58	1
5	1	318	0	70	1
5	1	318	0	72	1
5	1	318	1	14	2
5	1	318	1	42	1
5	1	318	1	53	4
5	1	318	1	59	1
5	1	318	1	71	1
5	1	318	1	73	1
5	1	318	1	92	1
5	1	319	0	5	3
5	1	319	0	8	3
5	1	319	0	20	1
5	1	319	0	77	1
5	1	319	0	79	1
5	1	319	0	102	1
5	1	319	0	108	1
5	1	319	1	7	3
5	1	319	1	10	3
5	1	319	1	78	1
5	1	319	1	83	1
5	1	319	1	103	1
5	1	319	1	143	1
5	1	319	1	153	1
5	1	320	0	1	1
5	1	320	0	5	3
5	1	320	0	8	1
5	1	320	0	20	1
5	1	320	0	34	1
5	1	320	0	70	1
5	1	320	0	77	1
5	1	320	0	102	1
5	1	320	0	110	1
5	1	320	1	4	1
5	1	320	1	7	1
5	1	320	1	44	1
5	1	320	1	53	1
5	1	320	1	60	1
5	1	320	1	66	1
5	1	320	1	83	1
5	1	320	1	93	1
5	1	320	1	111	1
5	1	320	1	113	1
5	1	320	1	144	1
5	1	321	0	5	3
5	1	321	0	20	1
5	1	321	0	27	1
5	1	321	0	62	3
5	1	321	0	70	1
5	1	321	0	99	1
5	1	321	0	158	1
5	1	321	1	42	1
5	1	321	1	44	3
5	1	321	1	45	1
5	1	321	1	64	2
5	1	321	1	93	1
5	1	321	1	100	1
5	1	321	1	156	1
5	1	321	1	159	1
5	1	322	0	5	4
5	1	322	0	8	2
5	1	322	0	20	1
5	1	322	0	23	1
5	1	322	0	110	1
5	1	322	0	115	1
5	1	322	0	123	1
5	1	322	1	24	1
5	1	322	1	25	4
5	1	322	1	26	2
5	1	322	1	42	1
5	1	322	1	139	1
5	1	322	1	140	1
5	1	322	1	145	1
5	1	323	0	5	3
5	1	323	0	20	1
5	1	323	0	23	1
5	1	323	0	70	4
5	1	323	0	102	2
5	1	323	1	44	1
5	1	323	1	57	1
5	1	323	1	60	2
5	1	323	1	71	4
5	1	323	1	89	1
5	1	323	1	113	2
5	1	324	0	1	1
5	1	324	0	5	2
5	1	324	0	8	1
5	1	324	0	20	1
5	1	324	0	34	1
5	1	324	0	75	1
5	1	324	0	84	2
5	1	324	0	90	2
5	1	324	1	4	1
5	1	324	1	22	1
5	1	324	1	44	2
5	1	324	1	53	1
5	1	324	1	66	1
5	1	324	1	76	1
5	1	324	1	85	2
5	1	324	1	91	2
5	1	325	0	5	2
5	1	325	0	20	1
5	1	325	0	29	3
5	1	325	0	31	1
5	1	325	0	34	1
5	1	325	0	47	2
5	1	325	0	99	1
5	1	325	1	42	1
5	1	325	1	44	2
5	1	325	1	46	1
5	1	325	1	48	2
5	1	325	1	50	1
5	1	325	1	52	1
5	1	325	1	100	1
5	1	325	1	165	1
5	1	325	1	223	1
5	1	326	0	1	1
5	1	326	0	5	3
5	1	326	0	8	3
5	1	326	0	11	3
5	1	326	0	20	1
5	1	326	1	42	1
5	1	326	1	43	1
5	1	326	1	44	3
5	1	326	1	53	3
5	1	326	1	92	3
5	1	327	0	5	2
5	1	327	0	20	1
5	1	327	0	23	1
5	1	327	0	70	3
5	1	327	0	75	1
5	1	327	0	77	1
5	1	327	0	115	1
5	1	327	1	44	2
5	1	327	1	57	1
5	1	327	1	76	1
5	1	327	1	89	1
5	1	327	1	93	3
5	1	327	1	140	1
5	1	327	1	144	1
5	1	328	0	5	2
5	1	328	0	8	1
5	1	328	0	20	1
5	1	328	0	77	1
5	1	328	0	79	1
5	1	328	0	84	1
5	1	328	0	108	1
5	1	328	0	110	1
5	1	328	0	123	1
5	1	328	0	132	1
5	1	328	1	7	1
5	1	328	1	10	1
5	1	328	1	42	1
5	1	328	1	44	1
5	1	328	1	119	1
5	1	328	1	120	1
5	1	328	1	124	1
5	1	328	1	133	1
5	1	328	1	143	1
5	1	328	1	144	1
5	1	328	1	157	1
5	1	329	0	5	2
5	1	329	0	8	3
5	1	329	0	20	1
5	1	329	0	23	1
5	1	329	0	34	2
5	1	329	0	75	1
5	1	329	0	115	1
5	1	329	1	22	1
5	1	329	1	24	1
5	1	329	1	25	2
5	1	329	1	26	3
5	1	329	1	35	1
5	1	329	1	52	1
5	1	329	1	140	1
5	1	329	1	146	1
5	1	330	0	5	3
5	1	330	0	8	1
5	1	330	0	11	3
5	1	330	0	20	1
5	1	330	0	23	1
5	1	330	0	75	1
5	1	330	0	110	1
5	1	330	1	14	3
5	1	330	1	24	1
5	1	330	1	25	3
5	1	330	1	26	1
5	1	330	1	57	1
5	1	330	1	139	1
5	1	330	1	146	1
5	1	331	0	5	2
5	1	331	0	8	1
5	1	331	0	11	4
5	1	331	0	20	1
5	1	331	0	23	1
5	1	331	0	90	2
5	1	331	1	42	1
5	1	331	1	44	2
5	1	331	1	53	1
5	1	331	1	89	1
5	1	331	1	91	2
5	1	331	1	92	4
5	1	332	0	1	1
5	1	332	0	5	2
5	1	332	0	20	1
5	1	332	0	27	1
5	1	332	0	34	1
5	1	332	0	77	3
5	1	332	0	90	1
5	1	332	1	4	1
5	1	332	1	25	1
5	1	332	1	28	1
5	1	332	1	35	1
5	1	332	1	44	1
5	1	332	1	78	3
5	1	332	1	91	1
5	1	332	1	118	1
5	1	333	0	1	1
5	1	333	0	5	3
5	1	333	0	20	1
5	1	333	0	27	2
5	1	333	0	34	2
5	1	333	0	47	1
5	1	333	1	25	1
5	1	333	1	57	1
5	1	333	1	60	2
5	1	333	1	97	1
5	1	333	1	127	1
5	1	333	1	129	2
5	1	333	1	152	2
5	1	334	0	5	2
5	1	334	0	11	1
5	1	334	0	20	1
5	1	334	0	84	2
5	1	334	0	86	1
5	1	334	0	99	1
5	1	334	0	104	1
5	1	334	0	147	1
5	1	334	1	14	1
5	1	334	1	42	1
5	1	334	1	44	2
5	1	334	1	105	1
5	1	334	1	107	1
5	1	334	1	120	2
5	1	334	1	138	1
5	1	334	1	155	1
5	1	335	0	5	1
5	1	335	0	8	2
5	1	335	0	11	1
5	1	335	0	20	1
5	1	335	0	27	1
5	1	335	0	29	1
5	1	335	0	34	2
5	1	335	0	58	1
5	1	335	1	14	1
5	1	335	1	22	1
5	1	335	1	25	1
5	1	335	1	26	2
5	1	335	1	28	1
5	1	335	1	30	1
5	1	335	1	35	2
5	1	335	1	59	1
5	1	336	0	5	2
5	1	336	0	20	1
5	1	336	0	23	1
5	1	336	0	29	2
5	1	336	0	62	1
5	1	336	0	75	1
5	1	336	0	84	2
5	1	336	0	134	1
5	1	336	1	42	1
5	1	336	1	44	2
5	1	336	1	46	1
5	1	336	1	69	1
5	1	336	1	112	1
5	1	336	1	120	2
5	1	336	1	135	1
5	1	336	1	151	1
5	1	336	1	223	1
5	1	337	0	1	1
5	1	337	0	5	3
5	1	337	0	8	2
5	1	337	0	11	4
5	1	337	0	20	1
5	1	337	1	4	1
5	1	337	1	7	3
5	1	337	1	10	2
5	1	337	1	12	4
5	1	337	1	83	1
5	1	338	0	5	3
5	1	338	0	8	3
5	1	338	0	11	3
5	1	338	0	20	1
5	1	338	0	99	1
5	1	338	1	14	3
5	1	338	1	22	1
5	1	338	1	25	3
5	1	338	1	26	3
5	1	338	1	138	1
5	1	339	0	5	2
5	1	339	0	20	1
5	1	339	0	27	1
5	1	339	0	47	1
5	1	339	0	58	1
5	1	339	0	79	1
5	1	339	0	90	3
5	1	339	0	123	1
5	1	339	1	42	1
5	1	339	1	44	2
5	1	339	1	45	1
5	1	339	1	48	1
5	1	339	1	80	1
5	1	339	1	91	3
5	1	339	1	141	1
5	1	339	1	145	1
5	1	340	0	5	3
5	1	340	0	8	2
5	1	340	0	20	1
5	1	340	0	23	1
5	1	340	0	70	3
5	1	340	0	115	1
5	1	340	1	24	1
5	1	340	1	25	1
5	1	340	1	42	1
5	1	340	1	44	2
5	1	340	1	53	2
5	1	340	1	93	3
5	1	340	1	116	1
5	1	341	0	1	1
5	1	341	0	5	2
5	1	341	0	8	1
5	1	341	0	20	1
5	1	341	0	27	1
5	1	341	0	29	1
5	1	341	0	36	1
5	1	341	0	77	1
5	1	341	0	102	1
5	1	341	0	147	1
5	1	341	1	30	1
5	1	341	1	42	1
5	1	341	1	43	1
5	1	341	1	44	2
5	1	341	1	53	1
5	1	341	1	78	1
5	1	341	1	113	1
5	1	341	1	152	1
5	1	341	1	154	1
5	1	341	1	155	1
5	1	342	0	1	1
5	1	342	0	5	3
5	1	342	0	8	2
5	1	342	0	11	4
5	1	342	0	20	1
5	1	342	1	4	1
5	1	342	1	7	3
5	1	342	1	10	2
5	1	342	1	12	4
5	1	342	1	83	1
5	1	343	0	5	3
5	1	343	0	8	1
5	1	343	0	20	1
5	1	343	0	23	1
5	1	343	0	31	1
5	1	343	0	86	2
5	1	343	0	110	1
5	1	343	0	115	1
5	1	343	1	22	1
5	1	343	1	24	1
5	1	343	1	25	3
5	1	343	1	26	1
5	1	343	1	33	1
5	1	343	1	107	2
5	1	343	1	139	1
5	1	343	1	140	1
5	1	344	0	5	3
5	1	344	0	20	1
5	1	344	0	27	2
5	1	344	0	47	1
5	1	344	0	58	1
5	1	344	0	72	1
5	1	344	0	79	2
5	1	344	1	60	3
5	1	344	1	73	1
5	1	344	1	80	2
5	1	344	1	97	1
5	1	344	1	118	1
5	1	344	1	149	1
5	1	344	1	152	2
5	1	345	0	5	3
5	1	345	0	8	4
5	1	345	0	20	1
5	1	345	0	99	1
5	1	345	0	110	1
5	1	345	0	115	1
5	1	345	1	22	1
5	1	345	1	25	3
5	1	345	1	26	4
5	1	345	1	138	1
5	1	345	1	139	1
5	1	345	1	140	1
5	1	346	0	1	1
5	1	346	0	5	2
5	1	346	0	20	1
5	1	346	0	27	1
5	1	346	0	31	3
5	1	346	0	47	1
5	1	346	0	134	2
5	1	346	1	42	1
5	1	346	1	43	1
5	1	346	1	44	2
5	1	346	1	45	1
5	1	346	1	48	1
5	1	346	1	50	3
5	1	346	1	135	2
5	1	347	0	1	1
5	1	347	0	5	2
5	1	347	0	8	1
5	1	347	0	20	1
5	1	347	0	27	2
5	1	347	0	31	1
5	1	347	0	34	1
5	1	347	0	47	1
5	1	347	0	77	1
5	1	347	1	4	1
5	1	347	1	28	1
5	1	347	1	35	1
5	1	347	1	42	1
5	1	347	1	44	2
5	1	347	1	45	1
5	1	347	1	48	1
5	1	347	1	50	1
5	1	347	1	53	1
5	1	347	1	78	1
5	1	348	0	5	2
5	1	348	0	8	3
5	1	348	0	20	1
5	1	348	0	23	1
5	1	348	0	27	1
5	1	348	0	29	1
5	1	348	0	34	1
5	1	348	0	79	1
5	1	348	1	25	1
5	1	348	1	26	3
5	1	348	1	28	1
5	1	348	1	30	1
5	1	348	1	35	1
5	1	348	1	44	1
5	1	348	1	57	1
5	1	348	1	89	1
5	1	348	1	143	1
5	1	349	0	1	1
5	1	349	0	5	3
5	1	349	0	8	3
5	1	349	0	20	1
5	1	349	0	77	1
5	1	349	0	79	1
5	1	349	0	102	1
5	1	349	1	4	1
5	1	349	1	7	3
5	1	349	1	10	3
5	1	349	1	78	1
5	1	349	1	83	1
5	1	349	1	103	1
5	1	349	1	143	1
5	1	350	0	5	2
5	1	350	0	8	1
5	1	350	0	11	1
5	1	350	0	20	1
5	1	350	0	23	1
5	1	350	0	31	1
5	1	350	0	34	2
5	1	350	0	47	1
5	1	350	0	79	1
5	1	350	1	10	1
5	1	350	1	25	1
5	1	350	1	35	1
5	1	350	1	42	1
5	1	350	1	48	1
5	1	350	1	50	1
5	1	350	1	69	1
5	1	350	1	92	1
5	1	350	1	121	1
5	1	350	1	129	1
5	1	350	1	143	1
5	1	351	0	5	3
5	1	351	0	8	3
5	1	351	0	20	1
5	1	351	0	34	1
5	1	351	0	77	1
5	1	351	0	79	1
5	1	351	0	108	1
5	1	351	1	7	3
5	1	351	1	10	3
5	1	351	1	78	1
5	1	351	1	83	1
5	1	351	1	143	1
5	1	351	1	153	1
5	1	351	1	160	1
5	1	352	0	5	3
5	1	352	0	20	1
5	1	352	0	27	1
5	1	352	0	29	2
5	1	352	0	31	1
5	1	352	0	99	1
5	1	352	0	115	1
5	1	352	0	161	1
5	1	352	1	22	1
5	1	352	1	25	3
5	1	352	1	28	1
5	1	352	1	30	2
5	1	352	1	33	1
5	1	352	1	138	1
5	1	352	1	140	1
5	1	352	1	162	1
5	1	353	0	5	2
5	1	353	0	20	1
5	1	353	0	27	1
5	1	353	0	47	1
5	1	353	0	58	1
5	1	353	0	79	1
5	1	353	0	90	3
5	1	353	0	123	1
5	1	353	1	42	1
5	1	353	1	44	2
5	1	353	1	45	1
5	1	353	1	48	1
5	1	353	1	80	1
5	1	353	1	91	3
5	1	353	1	141	1
5	1	353	1	145	1
5	1	354	0	1	1
5	1	354	0	5	3
5	1	354	0	11	1
5	1	354	0	20	1
5	1	354	0	70	4
5	1	354	0	75	1
5	1	354	1	57	1
5	1	354	1	60	3
5	1	354	1	61	1
5	1	354	1	71	4
5	1	354	1	76	1
5	1	354	1	127	1
5	1	355	0	5	3
5	1	355	0	8	3
5	1	355	0	20	1
5	1	355	0	34	1
5	1	355	0	108	1
5	1	355	0	115	1
5	1	355	0	147	1
5	1	355	1	22	1
5	1	355	1	25	3
5	1	355	1	26	3
5	1	355	1	35	1
5	1	355	1	109	1
5	1	355	1	140	1
5	1	355	1	148	1
5	1	356	0	5	3
5	1	356	0	8	4
5	1	356	0	20	1
5	1	356	0	23	1
5	1	356	0	110	1
5	1	356	0	115	1
5	1	356	1	22	1
5	1	356	1	24	1
5	1	356	1	25	3
5	1	356	1	26	4
5	1	356	1	139	1
5	1	356	1	140	1
5	1	357	0	5	3
5	1	357	0	20	1
5	1	357	0	47	3
5	1	357	0	58	1
5	1	357	0	70	2
5	1	357	0	75	1
5	1	357	1	57	1
5	1	357	1	59	1
5	1	357	1	60	3
5	1	357	1	71	2
5	1	357	1	76	1
5	1	357	1	97	3
5	1	358	0	1	1
5	1	358	0	5	2
5	1	358	0	8	1
5	1	358	0	20	1
5	1	358	0	27	1
5	1	358	0	34	1
5	1	358	0	77	1
5	1	358	0	84	1
5	1	358	0	115	1
5	1	358	0	134	1
5	1	358	1	28	1
5	1	358	1	42	1
5	1	358	1	43	1
5	1	358	1	44	2
5	1	358	1	53	1
5	1	358	1	66	1
5	1	358	1	78	1
5	1	358	1	120	1
5	1	358	1	122	1
5	1	358	1	135	1
5	1	359	0	5	2
5	1	359	0	20	1
5	1	359	0	47	1
5	1	359	0	70	3
5	1	359	0	79	1
5	1	359	0	90	1
5	1	359	0	108	1
5	1	359	0	123	1
5	1	359	1	42	1
5	1	359	1	44	2
5	1	359	1	48	1
5	1	359	1	71	3
5	1	359	1	80	1
5	1	359	1	91	1
5	1	359	1	119	1
5	1	359	1	145	1
5	1	360	0	5	3
5	1	360	0	8	2
5	1	360	0	20	1
5	1	360	0	23	1
5	1	360	0	90	3
5	1	360	0	115	1
5	1	360	1	42	1
5	1	360	1	44	3
5	1	360	1	53	2
5	1	360	1	89	1
5	1	360	1	91	3
5	1	360	1	116	1
5	1	361	0	1	1
5	1	361	0	5	4
5	1	361	0	20	1
5	1	361	0	62	4
5	1	361	0	158	1
5	1	361	1	42	1
5	1	361	1	43	1
5	1	361	1	44	4
5	1	361	1	64	1
5	1	361	1	142	2
5	1	361	1	159	1
5	1	361	1	170	1
5	1	362	0	5	2
5	1	362	0	11	2
5	1	362	0	20	1
5	1	362	0	62	1
5	1	362	0	84	1
5	1	362	0	86	2
5	1	362	0	99	1
5	1	362	0	134	1
5	1	362	1	14	2
5	1	362	1	42	1
5	1	362	1	44	2
5	1	362	1	85	1
5	1	362	1	107	2
5	1	362	1	135	1
5	1	362	1	138	1
5	1	362	1	151	1
5	1	363	0	5	3
5	1	363	0	8	2
5	1	363	0	20	1
5	1	363	0	23	1
5	1	363	0	90	3
5	1	363	0	115	1
5	1	363	1	42	1
5	1	363	1	44	3
5	1	363	1	53	2
5	1	363	1	89	1
5	1	363	1	91	3
5	1	363	1	116	1
5	1	364	0	5	2
5	1	364	0	11	1
5	1	364	0	20	1
5	1	364	0	34	1
5	1	364	0	62	2
5	1	364	0	75	1
5	1	364	0	84	1
5	1	364	0	99	1
5	1	364	0	158	1
5	1	364	1	14	1
5	1	364	1	42	1
5	1	364	1	44	2
5	1	364	1	112	1
5	1	364	1	120	1
5	1	364	1	129	1
5	1	364	1	138	1
5	1	364	1	151	2
5	1	364	1	159	1
5	1	365	0	1	1
5	1	365	0	5	2
5	1	365	0	20	1
5	1	365	0	27	2
5	1	365	0	29	1
5	1	365	0	31	1
5	1	365	0	77	1
5	1	365	0	84	2
5	1	365	1	25	1
5	1	365	1	42	1
5	1	365	1	43	1
5	1	365	1	44	1
5	1	365	1	50	1
5	1	365	1	78	1
5	1	365	1	85	1
5	1	365	1	120	1
5	1	365	1	152	2
5	1	365	1	222	1
5	1	366	0	5	3
5	1	366	0	11	1
5	1	366	0	20	1
5	1	366	0	23	1
5	1	366	0	34	1
5	1	366	0	72	1
5	1	366	0	75	1
5	1	366	0	90	1
5	1	366	0	123	1
5	1	366	1	57	1
5	1	366	1	60	3
5	1	366	1	61	1
5	1	366	1	73	1
5	1	366	1	76	1
5	1	366	1	89	1
5	1	366	1	91	1
5	1	366	1	129	1
5	1	366	1	145	1
5	1	367	0	5	2
5	1	367	0	11	2
5	1	367	0	20	1
5	1	367	0	29	3
5	1	367	0	62	1
5	1	367	0	99	1
5	1	367	0	158	1
5	1	367	1	14	2
5	1	367	1	42	1
5	1	367	1	44	2
5	1	367	1	46	3
5	1	367	1	100	1
5	1	367	1	142	1
5	1	367	1	159	1
5	1	368	0	5	3
5	1	368	0	8	4
5	1	368	0	20	1
5	1	368	0	108	1
5	1	368	0	115	1
5	1	368	0	147	1
5	1	368	1	22	1
5	1	368	1	25	3
5	1	368	1	26	4
5	1	368	1	109	1
5	1	368	1	140	1
5	1	368	1	148	1
5	1	369	0	5	3
5	1	369	0	8	3
5	1	369	0	20	1
5	1	369	0	77	1
5	1	369	0	79	1
5	1	369	0	102	1
5	1	369	0	108	1
5	1	369	1	7	3
5	1	369	1	10	3
5	1	369	1	78	1
5	1	369	1	83	1
5	1	369	1	103	1
5	1	369	1	143	1
5	1	369	1	153	1
5	1	370	0	5	2
5	1	370	0	70	3
5	1	370	0	77	1
5	1	370	0	115	2
5	1	370	1	93	3
5	1	370	1	121	2
5	1	370	1	122	2
5	1	370	1	144	1
5	1	371	0	5	5
5	1	371	0	20	1
5	1	371	0	23	1
5	1	371	0	62	4
5	1	371	1	22	1
5	1	371	1	24	1
5	1	371	1	25	5
5	1	371	1	142	4
5	1	372	0	8	9
5	1	372	0	20	1
5	1	372	0	58	1
5	1	372	1	53	9
5	1	372	1	59	1
5	1	372	1	83	1
5	1	373	0	5	3
5	1	373	0	8	3
5	1	373	0	20	1
5	1	373	0	23	1
5	1	373	0	75	1
5	1	373	0	110	1
5	1	373	0	115	1
5	1	373	1	10	1
5	1	373	1	24	1
5	1	373	1	25	1
5	1	373	1	26	1
5	1	373	1	42	1
5	1	373	1	44	2
5	1	373	1	53	1
5	1	373	1	112	1
5	1	373	1	116	1
5	1	373	1	139	1
5	1	374	0	5	3
5	1	374	0	8	3
5	1	374	0	20	1
5	1	374	0	23	1
5	1	374	0	34	1
5	1	374	0	110	1
5	1	374	0	115	1
5	1	374	1	22	1
5	1	374	1	24	1
5	1	374	1	25	3
5	1	374	1	26	3
5	1	374	1	35	1
5	1	374	1	139	1
5	1	374	1	140	1
5	1	375	0	5	3
5	1	375	0	8	1
5	1	375	0	20	1
5	1	375	0	23	1
5	1	375	0	29	1
5	1	375	0	77	1
5	1	375	0	90	2
5	1	375	0	115	1
5	1	375	1	42	1
5	1	375	1	44	3
5	1	375	1	46	1
5	1	375	1	53	1
5	1	375	1	69	1
5	1	375	1	91	2
5	1	375	1	116	1
5	1	375	1	144	1
5	1	376	0	5	3
5	1	376	0	11	1
5	1	376	0	20	1
5	1	376	0	23	1
5	1	376	0	70	4
5	1	376	0	75	1
5	1	376	1	57	1
5	1	376	1	60	3
5	1	376	1	61	1
5	1	376	1	69	1
5	1	376	1	71	4
5	1	376	1	76	1
5	1	377	0	5	3
5	1	377	0	8	3
5	1	377	0	11	3
5	1	377	0	20	1
5	1	377	0	99	1
5	1	377	1	14	3
5	1	377	1	22	1
5	1	377	1	25	3
5	1	377	1	26	3
5	1	377	1	138	1
5	1	378	0	5	2
5	1	378	0	8	3
5	1	378	0	20	1
5	1	378	0	23	1
5	1	378	0	27	1
5	1	378	0	31	1
5	1	378	0	84	1
5	1	378	0	102	1
5	1	378	1	22	1
5	1	378	1	24	1
5	1	378	1	26	1
5	1	378	1	33	1
5	1	378	1	44	1
5	1	378	1	53	2
5	1	378	1	85	1
5	1	378	1	121	1
5	1	378	1	152	1
5	1	378	1	164	1
5	1	379	0	5	3
5	1	379	0	20	1
5	1	379	0	23	1
5	1	379	0	27	1
5	1	379	0	29	1
5	1	379	0	36	1
5	1	379	0	47	2
5	1	379	0	79	1
5	1	379	1	57	1
5	1	379	1	60	3
5	1	379	1	69	1
5	1	379	1	74	1
5	1	379	1	97	2
5	1	379	1	152	1
5	1	379	1	165	1
5	1	379	1	171	1
5	1	380	0	5	2
5	1	380	0	8	3
5	1	380	0	20	1
5	1	380	0	27	1
5	1	380	0	75	1
5	1	380	0	77	1
5	1	380	0	108	1
5	1	380	0	123	1
5	1	380	1	7	1
5	1	380	1	10	2
5	1	380	1	44	1
5	1	380	1	45	1
5	1	380	1	53	1
5	1	380	1	83	1
5	1	380	1	112	1
5	1	380	1	144	1
5	1	380	1	145	1
5	1	380	1	153	1
5	1	381	0	5	2
5	1	381	0	11	2
5	1	381	0	20	1
5	1	381	0	62	2
5	1	381	0	84	2
5	1	381	0	108	1
5	1	381	0	158	1
5	1	381	1	44	2
5	1	381	1	85	2
5	1	381	1	92	2
5	1	381	1	118	1
5	1	381	1	151	1
5	1	381	1	153	1
5	1	381	1	156	1
5	1	381	1	159	1
5	1	382	0	5	1
5	1	382	0	11	3
5	1	382	0	20	1
5	1	382	0	29	2
5	1	382	0	36	1
5	1	382	0	70	1
5	1	382	0	108	1
5	1	382	0	115	1
5	1	382	1	14	3
5	1	382	1	22	1
5	1	382	1	38	1
5	1	382	1	44	1
5	1	382	1	46	2
5	1	382	1	93	1
5	1	382	1	122	1
5	1	382	1	153	1
5	1	383	0	5	2
5	1	383	0	8	1
5	1	383	0	20	1
5	1	383	0	29	1
5	1	383	0	70	2
5	1	383	0	75	1
5	1	383	0	77	1
5	1	383	0	108	1
5	1	383	0	123	1
5	1	383	1	26	1
5	1	383	1	44	1
5	1	383	1	57	1
5	1	383	1	60	1
5	1	383	1	71	2
5	1	383	1	76	1
5	1	383	1	119	1
5	1	383	1	144	1
5	1	383	1	145	1
5	1	383	1	165	1
5	1	384	0	5	3
5	1	384	0	11	5
5	1	384	0	20	1
5	1	384	0	58	1
5	1	384	0	62	1
5	1	384	1	57	1
5	1	384	1	59	1
5	1	384	1	60	3
5	1	384	1	61	5
5	1	384	1	64	1
5	1	385	0	5	3
5	1	385	0	8	3
5	1	385	0	11	3
5	1	385	0	20	1
5	1	385	0	99	1
5	1	385	1	14	3
5	1	385	1	22	1
5	1	385	1	25	3
5	1	385	1	26	3
5	1	385	1	138	1
5	1	386	0	5	2
5	1	386	0	20	1
5	1	386	0	31	2
5	1	386	0	47	1
5	1	386	0	58	1
5	1	386	0	79	1
5	1	386	0	90	3
5	1	386	1	42	1
5	1	386	1	44	2
5	1	386	1	48	1
5	1	386	1	80	1
5	1	386	1	91	3
5	1	386	1	96	2
5	1	386	1	141	1
5	1	387	0	5	3
5	1	387	0	8	3
5	1	387	0	20	1
5	1	387	0	23	1
5	1	387	0	34	1
5	1	387	0	110	1
5	1	387	0	115	1
5	1	387	1	22	1
5	1	387	1	24	1
5	1	387	1	25	3
5	1	387	1	26	3
5	1	387	1	35	1
5	1	387	1	139	1
5	1	387	1	140	1
5	1	388	0	5	3
5	1	388	0	8	3
5	1	388	0	20	1
5	1	388	0	23	1
5	1	388	0	34	1
5	1	388	0	110	1
5	1	388	0	115	1
5	1	388	1	22	1
5	1	388	1	24	1
5	1	388	1	25	3
5	1	388	1	26	3
5	1	388	1	35	1
5	1	388	1	139	1
5	1	388	1	140	1
5	1	389	0	1	1
5	1	389	0	5	3
5	1	389	0	20	1
5	1	389	0	34	1
5	1	389	0	70	3
5	1	389	0	72	1
5	1	389	0	75	1
5	1	389	1	57	1
5	1	389	1	60	3
5	1	389	1	71	3
5	1	389	1	73	1
5	1	389	1	76	1
5	1	389	1	127	1
5	1	389	1	129	1
5	1	390	0	1	1
5	1	390	0	5	2
5	1	390	0	11	4
5	1	390	0	20	1
5	1	390	0	62	2
5	1	390	0	70	1
5	1	390	1	12	2
5	1	390	1	14	2
5	1	390	1	22	1
5	1	390	1	44	2
5	1	390	1	64	1
5	1	390	1	93	1
5	1	390	1	127	1
5	1	390	1	151	1
5	1	391	0	5	3
5	1	391	0	8	2
5	1	391	0	11	4
5	1	391	0	20	1
5	1	391	0	108	1
5	1	391	1	14	4
5	1	391	1	22	1
5	1	391	1	25	3
5	1	391	1	26	1
5	1	391	1	53	1
5	1	391	1	119	1
5	1	392	0	5	3
5	1	392	0	8	2
5	1	392	0	20	1
5	1	392	0	23	1
5	1	392	0	90	3
5	1	392	0	115	1
5	1	392	1	42	1
5	1	392	1	44	3
5	1	392	1	53	2
5	1	392	1	89	1
5	1	392	1	91	3
5	1	392	1	116	1
5	1	393	0	5	3
5	1	393	0	8	3
5	1	393	0	20	1
5	1	393	0	23	1
5	1	393	0	34	1
5	1	393	0	110	1
5	1	393	0	115	1
5	1	393	1	22	1
5	1	393	1	24	1
5	1	393	1	25	3
5	1	393	1	26	3
5	1	393	1	35	1
5	1	393	1	139	1
5	1	393	1	140	1
5	1	394	0	1	1
5	1	394	0	5	3
5	1	394	0	8	3
5	1	394	0	20	1
5	1	394	0	77	1
5	1	394	0	79	1
5	1	394	0	102	1
5	1	394	1	4	1
5	1	394	1	7	3
5	1	394	1	10	3
5	1	394	1	78	1
5	1	394	1	83	1
5	1	394	1	103	1
5	1	394	1	143	1
5	1	395	0	5	3
5	1	395	0	11	5
5	1	395	0	20	1
5	1	395	0	58	1
5	1	395	0	62	1
5	1	395	1	57	1
5	1	395	1	59	1
5	1	395	1	60	3
5	1	395	1	61	5
5	1	395	1	64	1
5	1	396	0	1	1
5	1	396	0	5	2
5	1	396	0	8	1
5	1	396	0	11	1
5	1	396	0	20	1
5	1	396	0	47	1
5	1	396	0	90	2
5	1	396	0	123	1
5	1	396	0	147	1
5	1	396	1	42	1
5	1	396	1	43	1
5	1	396	1	44	2
5	1	396	1	48	1
5	1	396	1	53	1
5	1	396	1	91	2
5	1	396	1	92	1
5	1	396	1	145	1
5	1	396	1	148	1
5	1	397	0	1	1
5	1	397	0	5	3
5	1	397	0	20	1
5	1	397	0	34	1
5	1	397	0	70	3
5	1	397	0	72	1
5	1	397	0	75	1
5	1	397	1	57	1
5	1	397	1	60	3
5	1	397	1	71	3
5	1	397	1	73	1
5	1	397	1	76	1
5	1	397	1	127	1
5	1	397	1	129	1
5	1	398	0	5	2
5	1	398	0	8	1
5	1	398	0	20	1
5	1	398	0	23	1
5	1	398	0	34	2
5	1	398	0	47	1
5	1	398	0	70	1
5	1	398	0	86	1
5	1	398	0	110	1
5	1	398	1	10	1
5	1	398	1	25	2
5	1	398	1	42	1
5	1	398	1	87	1
5	1	398	1	89	1
5	1	398	1	93	1
5	1	398	1	97	1
5	1	398	1	139	1
5	1	398	1	160	2
5	1	399	0	1	1
5	1	399	0	5	2
5	1	399	0	8	2
5	1	399	0	20	1
5	1	399	0	86	2
5	1	399	0	147	3
5	1	399	1	4	1
5	1	399	1	25	1
5	1	399	1	26	2
5	1	399	1	44	1
5	1	399	1	57	1
5	1	399	1	107	2
5	1	399	1	148	2
5	1	399	1	155	1
5	1	400	0	1	1
5	1	400	0	5	4
5	1	400	0	8	3
5	1	400	0	20	1
5	1	400	0	75	1
5	1	400	0	77	1
5	1	400	1	4	1
5	1	400	1	7	4
5	1	400	1	10	3
5	1	400	1	78	1
5	1	400	1	83	1
5	1	400	1	112	1
5	1	401	0	5	2
5	1	401	0	20	1
5	1	401	0	23	1
5	1	401	0	47	2
5	1	401	0	70	1
5	1	401	0	77	1
5	1	401	0	79	1
5	1	401	0	132	2
5	1	401	1	42	1
5	1	401	1	48	2
5	1	401	1	69	1
5	1	401	1	71	1
5	1	401	1	78	1
5	1	401	1	121	2
5	1	401	1	133	2
5	1	401	1	167	1
5	1	402	0	5	2
5	1	402	0	20	1
5	1	402	0	23	1
5	1	402	0	47	1
5	1	402	0	79	1
5	1	402	0	90	4
5	1	402	0	123	1
5	1	402	1	42	1
5	1	402	1	44	2
5	1	402	1	48	1
5	1	402	1	80	1
5	1	402	1	89	1
5	1	402	1	91	4
5	1	402	1	145	1
5	1	403	0	5	3
5	1	403	0	8	4
5	1	403	0	20	1
5	1	403	0	99	1
5	1	403	0	110	1
5	1	403	0	115	1
5	1	403	1	22	1
5	1	403	1	25	3
5	1	403	1	26	4
5	1	403	1	138	1
5	1	403	1	139	1
5	1	403	1	140	1
5	1	404	0	5	1
5	1	404	0	23	1
5	1	404	0	27	1
5	1	404	0	31	1
5	1	404	0	47	1
5	1	404	0	90	2
5	1	404	0	123	1
5	1	404	0	134	1
5	1	404	0	168	1
5	1	404	1	44	1
5	1	404	1	45	1
5	1	404	1	48	1
5	1	404	1	89	1
5	1	404	1	91	2
5	1	404	1	96	1
5	1	404	1	135	1
5	1	404	1	145	1
5	1	404	1	169	1
5	1	405	0	1	1
5	1	405	0	5	3
5	1	405	0	8	3
5	1	405	0	20	1
5	1	405	0	36	1
5	1	405	0	77	1
5	1	405	0	102	1
5	1	405	1	4	1
5	1	405	1	7	3
5	1	405	1	10	3
5	1	405	1	38	1
5	1	405	1	78	1
5	1	405	1	83	1
5	1	405	1	103	1
5	1	406	0	5	2
5	1	406	0	8	1
5	1	406	0	11	5
5	1	406	0	20	1
5	1	406	0	23	1
5	1	406	1	12	1
5	1	406	1	14	1
5	1	406	1	42	1
5	1	406	1	44	2
5	1	406	1	53	1
5	1	406	1	89	1
5	1	406	1	92	3
5	1	407	0	5	3
5	1	407	0	8	3
5	1	407	0	20	1
5	1	407	0	23	1
5	1	407	0	34	1
5	1	407	0	110	1
5	1	407	0	115	1
5	1	407	1	22	1
5	1	407	1	24	1
5	1	407	1	25	3
5	1	407	1	26	3
5	1	407	1	35	1
5	1	407	1	139	1
5	1	407	1	140	1
5	1	408	0	5	3
5	1	408	0	8	4
5	1	408	0	20	1
5	1	408	0	23	1
5	1	408	0	110	1
5	1	408	0	115	1
5	1	408	1	22	1
5	1	408	1	24	1
5	1	408	1	25	3
5	1	408	1	26	4
5	1	408	1	139	1
5	1	408	1	140	1
5	1	409	0	8	1
5	1	409	1	26	1
5	1	410	0	1	1
5	1	410	0	5	3
5	1	410	0	20	1
5	1	410	0	34	1
5	1	410	0	70	3
5	1	410	0	72	1
5	1	410	0	75	1
5	1	410	1	57	1
5	1	410	1	60	3
5	1	410	1	71	3
5	1	410	1	73	1
5	1	410	1	76	1
5	1	410	1	127	1
5	1	410	1	129	1
5	1	411	0	5	3
5	1	411	0	8	4
5	1	411	0	20	1
5	1	411	0	99	1
5	1	411	0	110	1
5	1	411	0	115	1
5	1	411	1	25	3
5	1	411	1	26	4
5	1	411	1	42	1
5	1	411	1	138	1
5	1	411	1	139	1
5	1	411	1	140	1
5	1	412	0	5	2
5	1	412	0	8	2
5	1	412	0	20	1
5	1	412	0	23	1
5	1	412	0	27	1
5	1	412	0	29	1
5	1	412	0	31	1
5	1	412	0	34	2
5	1	412	1	22	1
5	1	412	1	24	1
5	1	412	1	25	2
5	1	412	1	26	2
5	1	412	1	28	1
5	1	412	1	30	1
5	1	412	1	33	1
5	1	412	1	35	2
5	1	413	0	5	2
5	1	413	0	20	1
5	1	413	0	47	3
5	1	413	0	70	2
5	1	413	0	75	1
5	1	413	1	57	1
5	1	413	1	60	2
5	1	413	1	71	2
5	1	413	1	76	1
5	1	413	1	97	3
5	1	414	0	5	3
5	1	414	0	8	2
5	1	414	0	20	1
5	1	414	0	70	2
5	1	414	0	108	1
5	1	414	0	115	2
5	1	414	1	42	1
5	1	414	1	53	2
5	1	414	1	60	3
5	1	414	1	71	2
5	1	414	1	140	2
5	1	414	1	153	1
5	1	415	0	5	3
5	1	415	0	8	3
5	1	415	0	20	1
5	1	415	0	23	1
5	1	415	0	34	1
5	1	415	0	110	1
5	1	415	0	115	1
5	1	415	1	22	1
5	1	415	1	24	1
5	1	415	1	25	3
5	1	415	1	26	3
5	1	415	1	35	1
5	1	415	1	139	1
5	1	415	1	140	1
5	1	416	0	5	3
5	1	416	0	8	3
5	1	416	0	20	1
5	1	416	0	77	1
5	1	416	0	79	1
5	1	416	0	102	1
5	1	416	0	108	1
5	1	416	1	7	3
5	1	416	1	10	3
5	1	416	1	78	1
5	1	416	1	83	1
5	1	416	1	103	1
5	1	416	1	143	1
5	1	416	1	153	1
5	1	417	0	5	2
5	1	417	0	20	1
5	1	417	0	31	2
5	1	417	0	47	1
5	1	417	0	58	1
5	1	417	0	79	1
5	1	417	0	90	3
5	1	417	1	42	1
5	1	417	1	44	2
5	1	417	1	48	1
5	1	417	1	80	1
5	1	417	1	91	3
5	1	417	1	96	2
5	1	417	1	141	1
5	1	418	0	5	3
5	1	418	0	8	3
5	1	418	0	20	1
5	1	418	0	23	1
5	1	418	0	34	1
5	1	418	0	110	1
5	1	418	0	115	1
5	1	418	1	22	1
5	1	418	1	24	1
5	1	418	1	25	3
5	1	418	1	26	3
5	1	418	1	35	1
5	1	418	1	139	1
5	1	418	1	140	1
5	1	419	0	5	3
5	1	419	0	8	3
5	1	419	0	20	1
5	1	419	0	23	1
5	1	419	0	34	1
5	1	419	0	110	1
5	1	419	0	115	1
5	1	419	1	22	1
5	1	419	1	24	1
5	1	419	1	25	3
5	1	419	1	26	3
5	1	419	1	35	1
5	1	419	1	139	1
5	1	419	1	140	1
5	1	420	0	5	3
5	1	420	0	11	5
5	1	420	0	20	1
5	1	420	0	58	1
5	1	420	0	62	1
5	1	420	1	57	1
5	1	420	1	59	1
5	1	420	1	60	3
5	1	420	1	61	5
5	1	420	1	64	1
5	1	421	0	1	1
5	1	421	0	5	3
5	1	421	0	20	1
5	1	421	0	34	1
5	1	421	0	70	3
5	1	421	0	72	1
5	1	421	0	75	1
5	1	421	1	57	1
5	1	421	1	60	3
5	1	421	1	71	3
5	1	421	1	73	1
5	1	421	1	76	1
5	1	421	1	127	1
5	1	421	1	129	1
5	1	422	0	5	4
5	1	422	0	20	1
5	1	422	0	62	3
5	1	422	0	84	2
5	1	422	0	99	1
5	1	422	1	7	4
5	1	422	1	83	1
5	1	422	1	85	2
5	1	422	1	100	1
5	1	422	1	170	3
5	1	423	0	1	1
5	1	423	0	5	3
5	1	423	0	8	2
5	1	423	0	11	4
5	1	423	0	20	1
5	1	423	1	4	1
5	1	423	1	7	3
5	1	423	1	10	2
5	1	423	1	12	4
5	1	423	1	83	1
5	1	424	0	5	2
5	1	424	0	8	1
5	1	424	0	11	4
5	1	424	0	20	1
5	1	424	0	23	1
5	1	424	0	90	2
5	1	424	1	42	1
5	1	424	1	44	2
5	1	424	1	53	1
5	1	424	1	89	1
5	1	424	1	91	2
5	1	424	1	92	4
5	1	425	0	5	2
5	1	425	0	8	1
5	1	425	0	11	4
5	1	425	0	20	1
5	1	425	0	23	1
5	1	425	0	90	2
5	1	425	1	42	1
5	1	425	1	44	2
5	1	425	1	53	1
5	1	425	1	89	1
5	1	425	1	91	2
5	1	425	1	92	4
5	1	426	0	5	2
5	1	426	0	8	2
5	1	426	0	20	1
5	1	426	0	27	1
5	1	426	0	29	1
5	1	426	0	31	1
5	1	426	0	34	2
5	1	426	0	108	1
5	1	426	1	22	1
5	1	426	1	25	2
5	1	426	1	26	2
5	1	426	1	28	1
5	1	426	1	30	1
5	1	426	1	33	1
5	1	426	1	35	2
5	1	426	1	109	1
5	1	427	0	1	1
5	1	427	0	5	3
5	1	427	0	8	2
5	1	427	0	11	4
5	1	427	0	20	1
5	1	427	1	4	1
5	1	427	1	7	3
5	1	427	1	10	2
5	1	427	1	12	4
5	1	427	1	83	1
5	1	428	0	5	3
5	1	428	0	11	2
5	1	428	0	20	1
5	1	428	0	58	1
5	1	428	0	70	2
5	1	428	0	86	2
5	1	428	1	57	1
5	1	428	1	59	1
5	1	428	1	60	3
5	1	428	1	61	2
5	1	428	1	71	2
5	1	428	1	107	2
5	1	429	0	5	2
5	1	429	0	8	1
5	1	429	0	11	4
5	1	429	0	20	1
5	1	429	0	23	1
5	1	429	0	90	2
5	1	429	1	42	1
5	1	429	1	44	2
5	1	429	1	53	1
5	1	429	1	89	1
5	1	429	1	91	2
5	1	429	1	92	4
5	1	430	0	5	3
5	1	430	0	20	1
5	1	430	0	27	1
5	1	430	0	29	2
5	1	430	0	31	1
5	1	430	0	108	1
5	1	430	0	115	1
5	1	430	0	161	1
5	1	430	1	22	1
5	1	430	1	25	3
5	1	430	1	28	1
5	1	430	1	30	2
5	1	430	1	33	1
5	1	430	1	109	1
5	1	430	1	140	1
5	1	430	1	162	1
