result_no	generate_no	e_no	intention	
8	1	1	245
8	1	2	246
8	1	3	246
8	1	4	246
8	1	5	246
8	1	6	246
8	1	7	246
8	1	8	246
8	1	9	246
8	1	10	0
8	1	11	246
8	1	12	245
8	1	13	246
8	1	14	0
8	1	15	245
8	1	16	245
8	1	17	246
8	1	18	246
8	1	19	245
8	1	20	246
8	1	21	246
8	1	22	246
8	1	23	245
8	1	24	246
8	1	25	246
8	1	26	246
8	1	27	245
8	1	28	247
8	1	29	246
8	1	30	246
8	1	31	245
8	1	32	246
8	1	33	245
8	1	34	246
8	1	35	246
8	1	36	246
8	1	37	246
8	1	38	246
8	1	39	246
8	1	40	246
8	1	41	245
8	1	42	247
8	1	43	245
8	1	44	246
8	1	45	247
8	1	46	246
8	1	47	246
8	1	48	246
8	1	49	246
8	1	50	246
8	1	51	246
8	1	52	246
8	1	53	246
8	1	54	246
8	1	55	246
8	1	56	246
8	1	57	246
8	1	58	247
8	1	59	245
8	1	60	246
8	1	61	247
8	1	62	245
8	1	63	246
8	1	64	246
8	1	65	246
8	1	66	246
8	1	67	246
8	1	68	246
8	1	69	247
8	1	70	246
8	1	71	246
8	1	72	246
8	1	73	246
8	1	74	246
8	1	75	245
8	1	76	246
8	1	77	246
8	1	78	246
8	1	79	246
8	1	80	246
8	1	81	246
8	1	82	246
8	1	83	0
8	1	84	246
8	1	85	246
8	1	86	245
8	1	87	245
8	1	88	245
8	1	89	245
8	1	90	245
8	1	91	245
8	1	92	246
8	1	93	245
8	1	94	245
8	1	95	247
8	1	96	246
8	1	97	245
8	1	98	245
8	1	99	246
8	1	100	246
8	1	101	246
8	1	102	245
8	1	103	246
8	1	104	247
8	1	105	246
8	1	106	245
8	1	107	246
8	1	108	245
8	1	109	246
8	1	110	246
8	1	111	245
8	1	112	245
8	1	113	246
8	1	114	246
8	1	115	245
8	1	116	246
8	1	117	246
8	1	118	245
8	1	119	245
8	1	120	246
8	1	121	0
8	1	122	245
8	1	123	245
8	1	124	247
8	1	125	245
8	1	126	246
8	1	127	245
8	1	128	246
8	1	129	245
8	1	130	246
8	1	131	245
8	1	132	246
8	1	133	246
8	1	134	246
8	1	135	245
8	1	136	246
8	1	137	246
8	1	138	245
8	1	139	246
8	1	140	246
8	1	141	246
8	1	142	246
8	1	143	246
8	1	144	246
8	1	145	246
8	1	146	246
8	1	147	246
8	1	148	246
8	1	149	246
8	1	150	246
8	1	151	245
8	1	152	246
8	1	153	246
8	1	154	246
8	1	155	245
8	1	156	245
8	1	157	246
8	1	158	245
8	1	159	246
8	1	160	246
8	1	161	246
8	1	162	245
8	1	163	246
8	1	164	246
8	1	165	245
8	1	166	246
8	1	167	245
8	1	168	246
8	1	169	246
8	1	170	246
8	1	171	245
8	1	172	245
8	1	173	245
8	1	174	245
8	1	175	246
8	1	176	246
8	1	177	246
8	1	178	247
8	1	179	246
8	1	180	246
8	1	181	246
8	1	182	245
8	1	183	246
8	1	184	246
8	1	185	246
8	1	186	246
8	1	187	245
8	1	188	246
8	1	189	245
8	1	190	246
8	1	191	246
8	1	192	245
8	1	193	246
8	1	194	246
8	1	195	246
8	1	196	246
8	1	197	245
8	1	198	246
8	1	199	246
8	1	200	246
8	1	201	246
8	1	202	245
8	1	203	247
8	1	204	246
8	1	205	245
8	1	206	246
8	1	207	246
8	1	208	246
8	1	209	246
8	1	210	245
8	1	211	246
8	1	212	246
8	1	213	245
8	1	214	246
8	1	215	246
8	1	216	246
8	1	217	246
8	1	218	246
8	1	219	246
8	1	220	245
8	1	221	246
8	1	222	245
8	1	223	245
8	1	224	245
8	1	225	246
8	1	226	246
8	1	227	245
8	1	228	247
8	1	229	246
8	1	230	246
8	1	231	245
8	1	232	246
8	1	233	245
8	1	234	246
8	1	235	245
8	1	236	245
8	1	237	246
8	1	238	246
8	1	239	246
8	1	240	246
8	1	241	246
8	1	242	245
8	1	243	245
8	1	244	245
8	1	245	246
8	1	246	246
8	1	247	245
8	1	248	245
8	1	249	246
8	1	250	246
8	1	251	245
8	1	252	245
8	1	253	246
8	1	254	245
8	1	255	245
8	1	256	246
8	1	257	246
8	1	258	246
8	1	259	246
8	1	260	246
8	1	261	246
8	1	262	245
8	1	263	245
8	1	264	247
8	1	265	245
8	1	266	246
8	1	267	245
8	1	268	246
8	1	269	246
8	1	270	0
8	1	271	245
8	1	272	245
8	1	273	245
8	1	274	246
8	1	275	245
8	1	276	245
8	1	277	246
8	1	278	246
8	1	279	246
8	1	280	245
8	1	281	246
8	1	282	246
8	1	283	246
8	1	284	245
8	1	285	245
8	1	286	246
8	1	287	245
8	1	288	245
8	1	289	245
8	1	290	245
8	1	291	246
8	1	292	246
8	1	293	246
8	1	294	245
8	1	295	245
8	1	296	245
8	1	297	246
8	1	298	245
8	1	299	246
8	1	300	247
8	1	301	246
8	1	302	246
8	1	303	247
8	1	304	245
8	1	305	245
8	1	306	246
8	1	307	247
8	1	308	246
8	1	309	246
8	1	310	245
8	1	311	246
8	1	312	246
8	1	313	245
8	1	314	0
8	1	315	245
8	1	316	246
8	1	317	246
8	1	318	246
8	1	319	245
8	1	320	246
8	1	321	246
8	1	322	246
8	1	323	245
8	1	324	245
8	1	325	247
8	1	326	245
8	1	327	246
8	1	328	246
8	1	329	245
8	1	330	246
8	1	331	245
8	1	332	246
8	1	333	245
8	1	334	246
8	1	335	245
8	1	336	247
8	1	337	245
8	1	338	245
8	1	339	245
8	1	340	246
8	1	341	245
8	1	342	245
8	1	343	245
8	1	344	0
8	1	345	245
8	1	346	0
8	1	347	245
8	1	348	246
8	1	349	245
8	1	350	245
8	1	351	245
8	1	352	245
8	1	353	245
8	1	354	245
8	1	355	245
8	1	356	245
8	1	357	245
8	1	358	246
8	1	359	246
8	1	360	245
8	1	361	245
8	1	362	0
8	1	363	246
8	1	364	247
8	1	365	246
8	1	366	245
8	1	367	246
8	1	368	245
8	1	369	245
8	1	370	245
8	1	371	245
8	1	372	246
8	1	373	246
8	1	374	245
8	1	375	246
8	1	376	0
8	1	377	245
8	1	378	247
8	1	379	0
8	1	380	245
8	1	381	246
8	1	382	246
8	1	383	245
8	1	384	245
8	1	385	245
8	1	386	245
8	1	387	245
8	1	388	245
8	1	389	245
8	1	390	246
8	1	391	245
8	1	392	245
8	1	393	245
8	1	394	245
8	1	395	245
8	1	396	246
8	1	397	245
8	1	398	246
8	1	399	246
8	1	400	245
8	1	401	245
8	1	402	245
8	1	403	245
8	1	404	245
8	1	405	245
8	1	406	247
8	1	407	245
8	1	408	0
8	1	409	246
8	1	410	245
8	1	411	246
8	1	412	245
8	1	413	245
8	1	414	246
8	1	415	245
8	1	416	245
8	1	417	245
8	1	418	245
8	1	419	245
8	1	420	245
8	1	421	245
8	1	422	246
8	1	423	245
8	1	424	246
8	1	425	247
8	1	426	245
8	1	427	245
8	1	428	245
8	1	429	246
8	1	430	245
8	1	431	245
8	1	432	246
8	1	433	246
8	1	434	246
8	1	435	246
8	1	436	246
8	1	437	245
8	1	438	245
8	1	439	247
8	1	440	246
8	1	441	245
8	1	442	245
8	1	443	245
8	1	444	245
8	1	445	245
