result_no	generate_no	e_no	ap	en	en_recovery	movement	weight	turning_speed	jump	max_power	search	precision	punding	aerosol	pysics	spirit	particle	flame	electric	loading	max_loading	
9	0	1	2223	1404	34	879	2380	400	862	0	2410	0	223	1052	21	2030	45	705	0	1380	3000
9	0	2	1625	1809	652	1603	-48	375	0	6725		254	596	141	0	1171	396	0	1654	-518	1800
9	0	3	8146	3634	1083	104	5931	1356	23	2982		183	2107	484	2718	439	955	727	0	4127	5400
9	0	4	4464	2828	783	354	5225	1365	0	1716	359	514	1193	313	183	64	298	1259	3140	3806	4100
9	0	5	3832	3740	821	779	2381	2145	200	3368		161	942	534	0	418	998	395	835	1481	3600
9	0	6	7841	3226	308	328	4270	1869	80	790		284	1582	514	822	368	388	685	1145	2974	4200
9	0	7	2114	2502	17	1987	1305	388	0	0	1787	0	84	126	6	0	61	0	1958	1255	1500
9	0	8	1364	4258	166	3145	2346	10	2378	996		0	299	2645	0	1431	169	0	99	1746	1800
9	0	9	1623	3701	303	2115	1822	1016	1026	1144		123	467	1299	350	1157	343	0	0	1222	1800
9	0	10	5004	3177	851	160	4615	2068	0	3142	356	142	1789	791	1818	0	712	1127	224	2615	5000
9	0	11	3246	2556	944	1345	2763	1357	1027	501		637	970	1807	754	0	956	309	60	2063	2100
9	0	12	2259	3000	1336	1187	2426	960	933	2380	178	98	895	1680	45	778	1474	125	96	1570	3600
9	0	13	2955	3380	778	1859	3138	158	1230	2002		0	1021	1666	1221	732	614	879	60	2238	2400
9	0	14	2234	3231	989	1338	2280	1676	822	1243	184	100	792	880	561	408	842	180	504	1576	2100
9	0	15	5948	4148	256	123	5135	724	25	0	782	0	3791	2168	1668	921	390	0	0	3435	5400
9	0	16	3595	1578	135	1017	2040	631	116	1081		0	655	172	0	2145	28	1092	1021	840	4200
9	0	17	5260	3584	1573	361	3785	2047	0	1869		201	1263	675	704	0	1370	206	303	1985	4400
9	0	18	5997	2728	666	306	5626	250	239	975	3683	175	1883	689	2522	741	1553	273	261	3930	4200
9	0	19	4868	2106	51	445	3750	438	356	1170		106	1142	1315	50	1348	22	349	57	2050	5400
9	0	20	3152	4765	2378	969	2584	2308	349	3362		309	911	722	514	0	2918	41	289	1784	2100
9	0	21	3378	307	1	1721	3037	1820	1363	0	3097	0	999	1251	1018	3388	0	0	0	2137	3600
9	0	22	2127	3248	989	2062	2392	9	855	1835	788	127	514	1301	189	975	1279	0	98	1792	1800
9	0	23	4531	2994	16	583	3932	731	496	0	1918	0	1482	2326	1087	431	185	1483	0	2832	2900
9	0	24	1308	2386	195	1185	-164	726	1722	1340		127	519	1634	30	566	128	2256	0	-110	1500
9	0	25	4986	1914	17	792	2360	1201	227	1220	2699	131	896	485	446	871	149	3821	0	1352	3600
9	0	26	1415	2930	86	2629	1640	10	1567	1179	1630	0	392	1639	69	629	169	1637	40	1040	1800
9	0	27	2058	2632	1316	1160	2260	8	0	0	2101	0	374	27	403	1296	885	0	1234	1660	1800
9	0	28	2087	2001	181	2127	2037	698	1125	2302		124	381	1002	478	1255	135	0	0	1337	1900
9	0	29	5533	3184	695	289	4716	2010	71	1452	2197	163	1362	354	2583	325	545	957	135	3420	4200
9	0	30	3991	3152	656	847	3354	988	155	925	3120	0	769	466	1556	616	921	497	910	2454	3600
9	0	31	2191	1578	81	1468	1570	929	0	784		498	989	129	0	1304	99	0	1385	970	1800
9	0	32	4044	3118	627	568	3842	1666	149	342	4000	161	1062	466	753	1383	1622	492	361	2942	3600
9	0	33	1622	4920	1197	1318	1508	714	1533	457		254	249	1510	0	922	2378	432	0	1458	1500
9	0	34	2593	1429	204	1588	40	370	0	0	1515	0	203	976	2	813	73	3757	80	-430	1800
9	0	35	3051	4397	2233	1282	3061	515	1096	1579		178	800	1473	1230	979	1958	25	20	2061	2500
9	0	36	1791	2977	400	1677	1868	9	515	0	4020	0	243	103	0	311	509	0	1689	1268	1800
9	0	37	2949	3161	252	1628	2750	1587	1209	2696		118	971	1701	695	531	340	341	16	1950	2100
9	0	38	2770	1758	25	1204	-44	146	0	0	2081	0	325	1048	2	282	69	3461	146	18	1500
9	0	39	1725	3561	1761	1748	1600	751	872	1674		129	786	909	164	1392	1928	172	0	900	1900
9	0	40	3640	1985	16	912	1408	1558	234	0	1508	0	600	1527	0	5276	60	0	0	508	3600
9	0	41	1827	3028	959	1849	2134	9	927	3128	1160	115	494	924	142	1105	849	0	253	1534	1800
9	0	42	7603	3419	719	509	4027	1862	133	1681		189	1878	485	380	2265	631	714	694	3027	3600
9	0	43	2500	2106	933	1112	2480	702	1293	720		105	541	1578	33	496	689	1043	0	1380	2900
9	0	44	2151	2364	97	1041	-36	720	1567	1288		0	1121	2004	82	549	87	1509	0	14	1500
9	0	45	11183	1879	173	294	4092	618	100	1612		154	3460	249	3927	2293	85	771	898	2440	4200
9	0	46	2803	366	1	2055	1708	1558	1719	0	3043	0	321	1269	0	3253	61	396	10	808	3600
9	0	47	11852	2212	769	244	5146	1467	0	0	371	18	3566	1021	3121	950	3394	0	340	3346	4400
9	0	48	8078	5090	133	51	7012	3028	11	0	1594	163	3915	2009	4749	214	212	754	0	5312	5400
9	0	49	9539	2406	468	17	6498	1552	0	2729		268	2210	289	3011	39	227	3444	316	4298	5600
9	0	50	1524	2677	185	1298	-30	360	1726	0	322	132	135	2054	6	1389	100	1138	0	20	1500
9	0	51	6017	3148	197	228	5417	1996	0	0	4127	0	1532	658	809	230	625	1115	81	3617	4400
9	0	52	11748	3571	1585	142	5341	355	26	0		598	2396	494	809	2126	1641	0	2198	3591	5400
9	0	53	4678	4783	1400	249	5177	3589	0	0	906	307	1729	1136	998	207	2294	158	0	3377	4400
9	0	54	8659	2819	598	23	5750	526	0	3754	262	0	3351	1845	842	0	2191	3122	86	3550	5600
9	0	55	3111	3079	624	2376	2534	771	731	1331		123	698	691	265	1967	563	324	867	1834	1900
9	0	56	1790	3204	17	2105	1625	385	1104	1447		132	370	1148	128	1408	74	0	19	1025	1800
9	0	57	4274	446	1	1472	2350	9	505	372	2863	126	1198	663	0	3649	48	1258	895	1750	1800
9	0	58	7807	3350	519	358	3925	1800	103	1675		180	1864	471	840	878	441	833	1183	2621	4200
9	0	59	5090	1578	585	1241	1930	634	120	756	263	0	489	243	0	2599	131	502	950	730	4200
9	0	60	1909	3450	480	2008	2368	10	975	0	3567	0	276	831	0	586	1092	0	319	1768	1800
9	0	61	8837	1704	1	865	4154	257	765	2819	386	135	2793	1053	3454	400	91	5080	0	2502	4200
9	0	62	2280	2632	1388	960	2180	1009	255	1090		131	901	420	670	1576	934	296	0	1480	1900
9	0	63	1674	2799	543	1623	1954	9	509	0	4119	0	282	344	9	307	1019	0	865	1354	1800
9	0	64	3902	3127	455	1523	2456	1059	1182	3362		422	818	1284	446	860	335	557	56	1508	3600
9	0	65	9348	3354	217	23	6079	1058	0	0	1533	0	3878	1704	1367	123	491	2844	83	3783	5600
9	0	66	2640	2852	936	1031	2811	1000	594	995	752	101	886	841	567	1521	670	917	262	1911	3600
9	0	67	2078	3772	236	1817	2480	1447	1179	2786		127	740	1285	419	1110	279	1395	0	1780	1900
9	0	68	8305	4698	1604	15	6802	2223	0	0	1343	0	3764	1739	2222	59	5248	37	40	4550	5600
9	0	69	14553	1917	153	35	5105	1068	0	805	944	0	5011	1525	3541	3078	93	1542	0	2905	5600
9	0	70	1700	100	1	519	1080	400	173	0			180		0	0	0	0	0	80	3000
9	0	71	3341	3518	265	461	4534	2465	123	2671		249	858	543	0	176	268	2034	1048	3586	3600
9	0	72	10731	3317	1092	180	4456	1371	36	2328		286	4110	1509	3274	825	1946	501	0	2702	5400
9	0	73	2560	4627	1842	544	4122	2030	133	1228		376	646	713	0	0	4284	0	342	3222	3600
9	0	74	2208	2077	49	1304	2350	333	0	1046	3098	0	567	-482	417	0	38	0	2930	1750	1800
9	0	75	1249	3453	2018	786	2580	1680	325	6260		0	627	624	645	0	754	67	0	1780	2100
9	0	76	2157	2482	1330	1400	2384	912	751	4995		114	980	761	588	640	519	367	584	1584	2100
9	0	77	4045	2904	657	656	3129	1447	159	3481	1504	124	1272	893	787	1498	351	271	247	2229	3600
9	0	78	5690	1802	61	741	3115	815	517	4943		412	1106	670	130	520	30	2850	474	1811	4200
9	0	79	7731	4214	1545	239	5575	1471	210	3086		296	2132	1477	1104	516	1158	148	36	3771	5400
9	0	80	1895	3208	186	1796	2130	1374	1148	1601		124	765	1194	200	1037	258	0	98	1430	1900
9	0	81	3129	3821	1587	1152	2442	1760	279	3687		123	2162	900	422	633	1283	65	276	1742	1900
9	0	82	8121	1951	550	216	4794	902	73	1946		472	2540	258	1741	1027	1037	619	2136	3194	4200
9	0	83	8048	2742	556	119	5484	771	23	1151	1408	255	2057	208	2348	502	751	966	298	3740	5400
9	0	84	4432	3226	6	186	5896	3512	0	1014	1595	163	899	358	547	0	195	2088	841	4096	4400
9	0	85	10380	2090	5	256	5091	1031	62	1312		166	2217	255	2371	1540	41	1676	0	3795	4200
9	0	86	1546	2632	834	1330	2260	8	460	0	2442	0	201	381	0	1055	1216	0	641	1660	1800
9	0	87	2721	2631	702	1356	2680	839	1283	1095	351	124	544	1498	820	0	610	902	108	1680	2500
9	0	88	2816	2631	252	1228	3650	921	1185	1097	365	122	489	1866	769	0	167	912	108	1850	4400
9	0	89	4569	1828	637	735	2990	482	806	1069		35	1012	955	399	0	1393	261	369	1590	4600
9	0	90	3077	2810	1079	794	3296	1026	509	732	1064	115	542	675	815	109	1831	0	969	2296	2500
9	0	91	2683	3053	328	1780	2404	1037	1178	822		129	1315	1660	224	953	511	653	63	1704	1900
9	0	92	6343	2549	162	300	4580	2140	73	2900		326	1589	434	1192	337	80	2574	467	3284	4200
9	0	93	5664	1316	1	971	2980	800	517	327	263	189	1507	752	0	1663	97	1512	138	1780	4200
9	0	94	3595	1578	135	1017	2040	631	116	1081		0	655	172	0	2145	28	1092	1021	840	4200
9	0	95	3362	1648	109	1118	1962	9	0	0	2411	164	652	202	172	649	84	2322	646	1362	1800
9	0	96	1337	2318	171	1032	-10	953	1618	0	431	224	229	1520	0	1943	21	708	0	-6	1500
9	0	97	2596	2631	702	1319	2800	438	1254	1426	351	122	400	1498	1045	0	610	0	108	1800	2500
9	0	98	1986	2904	1159	1303	2230	678	665	1075	357	237	586	685	282	794	3509	0	464	1530	1900
9	0	99	2223	3882	1774	2007	2408	771	1253	3344		0	1163	1591	1247	1017	3534	0	0	1708	1900
9	0	100	8105	2912	814	172	5673	1376	57	988		541	2665	447	0	1598	578	1784	795	4123	4200
9	0	101	5223	3047	661	116	5280	1215	24	1739	382	493	1224	457	0	489	1312	1336	631	3580	5400
9	0	102	2982	2632	1550	580	2580	359	0	1090		218	989	420	564	1101	1042	109	702	1680	2400
9	0	103	5137	2790	426	334	3261	794	107	2443	178	234	1601	662	206	0	416	3110	1042	1661	4200
9	0	104	11058	2059	189	366	3765	732	96	1568		181	2491	240	0	3876	163	738	1497	2465	4200
9	0	105	8320	3020	643	787	4470	613	705	0		256	2913	1270	4118	1302	387	0	0	2670	4200
9	0	106	1885	1578	891	1708	1380	8	0	3201		0	831	129	0	1792	1918	0	1385	780	1800
9	0	107	7161	4953	2916	55	6970	1374	10	2363		367	2089	664	795	216	3586	102	0	5220	5400
9	0	108	3643	2962	1086	1471	2330	991	722	1604	485	115	1198	1195	804	809	818	0	153	1630	1900
9	0	109	1769	2040	57	1461	-133	156	1856	3850		125	593	1211	90	1748	33	0	16	-129	1500
9	0	110	3180	2654	718	1102	2320	1075	637	2715		132	1289	1502	1033	719	292	226	63	1420	3600
9	0	111	2596	3116	827	1513	3000	438	1546	815	351	122	322	1908	1026	0	834	0	141	2000	2500
9	0	112	3183	1881	416	1356	2270	658	721	695	177	213	1138	633	1008	416	205	1092	376	1570	1900
9	0	113	7682	3202	587	259	4857	1450	67	1327		200	1827	459	757	312	786	1346	977	3657	4200
9	0	114	3741	2512	770	1221	2866	490	203	2144	382	305	670	440	0	750	1559	0	2482	1908	2500
9	0	115	6228	3948	2198	46	6950	1009	9	2170		365	1999	630	1540	194	2484	109	171	5250	5400
9	0	116	9946	4491	1716	64	6758	2048	13	1353	403	297	2949	828	3085	378	588	120	719	5004	5400
9	0	117	2940	3057	1108	1159	2550	1156	282	1960	2540	125	612	-87	992	0	829	123	1776	1850	1900
9	0	118	2982	2632	1550	580	2580	359	0	1090		218	989	420	564	1101	1042	109	702	1680	2400
9	0	119	3116	1371	302	712	2600	754	596	1425	2467	0	466	211	468	1458	243	293	564	1500	2900
9	0	120	2307	3071	253	7	4344	19	0	0	2965	0	2062	649	0	111	386	0	884	3744	1800
9	0	121	1931	2937	831	1108	2653	1794	692	3117	1505	166	630	788	169	241	2322	0	111	1853	2100
9	0	122	7133	1404	312	4	7600	696	0	4016		269	2110	701	2639	36	0	2427	483	5400	5600
9	0	123	2127	2878	571	1488	1640	1371	1113	1815		175	734	1688	0	1335	853	510	59	740	3600
9	0	124	2853	3397	589	1992	2839	1634	1570	3665		203	968	1626	1061	521	585	819	0	2039	2100
9	0	125	6073	2876	910	324	3702	1236	108	1243		278	2289	436	1485	0	888	664	1436	2702	3000
9	0	126	2557	3600	1359	2166	2581	771	1540	2669		124	2266	2220	978	0	3805	61	0	1881	1900
9	0	127	2610	1754	5	1659	1950	658	1092	766		364	658	1085	319	273	30	720	122	1250	1900
9	0	128	5419	3342	638	447	4511	2045	117	870	368	156	1445	479	0	3408	75	499	459	3511	3600
9	0	129	5776	2192	963	314	3100	613	107	0	351	0	2511	1086	1898	1328	216	288	0	1500	4200
9	0	130	2481	2136	39	1047	-56	1013	273	2638		134	602	139	0	2148	67	0	1610	-806	3600
9	0	131	2745	2106	699	1156	2595	702	928	821	181	210	585	1315	34	489	422	406	108	1495	2900
9	0	132	2425	3460	422	2128	2634	1083	1721	3416		157	688	1661	902	824	491	0	18	1834	2100
9	0	133	1728	2948	56	1365	2210	9	411	0	1461	0	787	2167	267	1207	28	1269	19	1610	1800
9	0	134	3162	4695	2610	499	4468	1772	122	2831		231	1293	810	1102	0	3746	0	377	3568	3600
9	0	135	2278	2106	357	1159	2250	912	907	0	1776	0	306	1315	30	2851	0	561	0	1350	3600
9	0	136	7695	3096	822	905	3928	1182	479	1681		164	1810	842	3139	417	604	412	343	3028	3600
9	0	137	5699	3120	1258	1148	3555	351	1346	1616		212	2095	3128	0	0	4455	984	0	1955	4200
9	0	138	3501	2248	1	1059	3730	1195	900	342	2005	0	584	1329	267	609	141	1214	76	1930	4400
9	0	139	2408	3943	1185	1564	1668	370	465	0	281	224	1190	1994	0	1314	856	107	21	1198	1800
9	0	140	2846	2729	426	1949	2303	9	843	0	3156	0	583	1649	454	344	1223	611	41	1753	1800
9	0	141	1969	3350	613	2322	2429	989	2137	1865		119	534	2496	169	582	706	1354	0	1629	2100
9	0	142	8435	4858	2687	164	5895	1468	0	0	469	0	5392	2228	3033	0	5708	0	0	4095	4400
9	0	143	2181	2327	354	2094	1856	10	1022	2546	0	239	660	1313	366	1335	60	0	39	1386	1800
9	0	144	7273	2180	711	286	3950	683	91	948	381	34	2553	313	1617	379	158	3175	1287	2350	4200
9	0	145	3431	3406	163	843	3871	1044	478	0	4227	0	1122	1337	162	749	635	0	0	2971	3600
9	0	146	3089	3189	613	1444	2594	1065	730	5515		125	1140	886	1276	282	636	0	207	1894	1900
9	0	147	2806	1817	163	2461	2076	9	0	2085	193	146	597	240	0	910	100	0	3812	1476	1800
9	0	148	2582	1771	259	2193	1603	9	0	3490		119	466	233	211	2388	199	0	332	1003	1800
9	0	149	5066	3376	190	645	4340	689	586	0	280	327	1117	3052	785	452	145	2327	20	3044	4200
9	0	150	2131	2164	460	1124	2152	9	0	0	5221	0	371	-154	0	1794	896	0	1008	1552	1800
9	0	151	2982	2632	1550	580	2580	359	0	1090		218	989	420	564	1101	1042	109	702	1680	2400
9	0	152	6515	5028	142	109	5724	345	22	0	764	120	3485	2957	866	748	184	0	0	4024	5400
9	0	153	2792	100	1	1993	1788	557	960	0	3188	0	644	1097	0	843	158	2098	16	1188	1800
9	0	154	3545	2979	1349	1	1496	815	0	0	2013	0	1832	1557	0	0	4114	412	0	1446	1500
9	0	155	2596	2631	342	1647	2800	438	1608	840	355	122	322	1866	957	0	226	0	158	1800	2500
9	0	156	2640	3384	1233	1317	2844	374	832	2072		0	1058	1363	1056	501	1889	107	56	1944	2400
9	0	157	2355	3445	455	1052	2186	679	264	0	426	146	1716	1668	200	1754	427	0	0	1574	1900
9	0	158	2883	1930	247	949	2030	1060	567	721		105	773	1021	18	945	70	1499	46	1130	3600
9	0	159	1960	3916	879	2181	2600	702	1629	1326		127	431	1823	791	1212	834	0	59	1900	1900
9	0	160	3233	2627	148	1517	2319	1067	750	1028		148	1107	838	223	4181	72	775	123	1619	1900
9	0	161	3472	3398	600	903	2725	1719	326	3607	410	262	982	491	200	1672	1321	0	211	1925	2100
9	0	162	5135	2631	666	842	3700	482	984	0	1974	0	488	1558	397	0	1718	0	108	2300	4600
9	0	163	1849	2358	71	1380	-58	1730	502	3591		125	419	160	28	1171	73	0	314	-758	2100
9	0	164	6386	2887	1712	252	5148	1516	72	4012	0	309	1590	447	2215	304	612	156	220	3844	4200
9	0	165	5677	3054	1006	425	4070	435	334	3891		231	2137	818	0	2058	3497	144	453	2370	5400
9	0	166	2002	2637	470	1169	-42	305	1699	501		0	596	2103	30	838	113	1153	32	-38	1500
9	0	167	1473	2760	1044	1894	2150	987	1259	1647		0	451	1235	0	931	488	0	183	1350	2100
9	0	168	3233	100	1	423	4427	1030	114	1432	3794	0	1426	0	727	162	244	0	2930	3527	3600
9	0	169	2155	2725	846	2060	2230	742	1513	801		110	542	1545	314	1805	766	171	0	1530	1900
9	0	170	12698	2379	896	181	5298	843	61	0	506	18	3658	714	2597	980	710	1118	2065	3698	4200
9	0	171	4387	1754	1	609	3913	1625	667	331	745	67	982	991	279	196	160	432	315	2513	4600
9	0	172	2060	2949	496	1883	1510	324	1939	0		0	402	1400	0	5047	167	0	0	1460	1500
9	0	173	2616	1768	1	1834	2150	442	1831	776	351	122	395	1691	725	0	54	0	151	1190	2500
9	0	174	3293	1581	84	1453	1570	929	0	776		498	989	129	0	1304	99	0	1385	970	1800
9	0	175	2432	3352	618	1091	2248	1431	0	3382		219	859	498	586	478	696	291	448	1648	1800
9	0	176	3122	3401	890	1296	2541	1421	672	3575		124	1535	1677	1048	0	1028	564	0	1841	1900
9	0	177	1623	3706	2	1	1356	2793	0	2176		178	558	525	177	0	161	0	0	1306	1500
9	0	178	2821	2305	990	2020	2412	1083	1562	2456		0	1943	2427	12	411	1391	464	71	1612	2100
9	0	179	9618	4562	1109	13	6876	1578	0	0	1079	339	3639	1040	2688	70	4293	230	116	4676	5600
9	0	180	4642	2611	156	1122	3258	1041	837	0		690	843	1573	0	577	54	1992	102	2358	3600
9	0	181	2155	1848	85	2422	-8	726	386	1186		125	454	141	115	1722	33	0	746	-604	1900
9	0	182	1854	5363	3829	152	3580	335	100	2247		0	954	1558	1569	46	2668	73	0	2880	1900
9	0	183	3223	4339	2397	710	4312	1396	402	1887		479	1271	1264	798	0	3628	38	42	3412	3600
9	0	184	1649	3334	23	2584	2322	9	1796	1048		132	368	2197	11	1571	32	0	99	1722	1800
9	0	185	3865	2682	697	926	2145	734	620	1224	842	160	809	709	0	1621	1218	0	530	997	4200
9	0	186	2861	3226	1026	1246	2636	1602	719	3590		167	874	1050	787	0	1367	169	86	1836	2100
9	0	187	2700	1758	154	1175	2350	438	984	1184	351	212	510	955	742	0	177	0	442	1350	2500
9	0	188	9458	4909	1951	14	6866	611	0	0	1826	0	3247	1811	2259	137	3918	83	37	4666	5600
9	0	189	7637	4343	396	28	5638	2298	0	0	556	133	2673	1503	1758	56	465	552	193	3415	5600
9	0	190	4366	2913	1173	224	5206	1428	58	2232		816	1313	438	994	0	2787	320	382	4006	4200
9	0	191	2844	1863	240	1761	2408	9	1170	0		456	393	2031	0	581	58	1003	61	1808	1800
9	0	192	5987	3083	2288	213	4998	274	68	1886	750	375	1709	513	209	547	3296	248	0	3398	4200
9	0	193	7574	2361	157	167	4894	1637	208	3565		143	2078	1462	882	0	231	4838	16	2646	5600
9	0	194	1809	2791	1146	792	2600	2301	329	2964		372	1237	353	180	271	2009	0	1952	1800	2100
9	0	195	2730	3055	883	490	2911	1931	259	2921		276	968	468	0	673	2316	398	453	1711	2900
9	0	196	2858	2831	66	1648	2198	10	512	0	3219	0	553	855	0	2048	154	0	484	1598	1800
9	0	197	3615	3566	1016	1281	2732	1065	951	1345		119	1005	1378	954	594	1394	0	14	1832	3600
9	0	198	12164	3408	517	16	6596	1880	0	0	1697	0	3103	821	3406	808	405	2135	0	4348	5600
9	0	199	12209	2330	29	23	6092	1035	0	0	477	70	4264	1466	1231	947	163	527	295	3892	5600
9	0	200	1956	2962	501	1487	658	371	1701	0	1949	0	83	1631	0	3053	559	1784	0	704	1500
9	0	201	8166	3412	229	294	4661	2028	84	0	498	38	2188	1574	1105	653	237	2488	39	3357	4200
9	0	202	6228	3948	2198	46	6950	1015	9	2083		349	1999	654	1540	194	2484	109	163	5250	5400
9	0	203	9488	2075	48	235	5352	1710	0	1405		165	2323	247	4043	0	40	2454	623	3552	4400
9	0	204	1362	1576	635	1556	1750	718	733	4126		0	1255	607	231	0	1848	0	0	1050	1900
9	0	205	2816	2631	252	1210	3650	937	1203	1126	351	122	489	1866	769	0	167	912	108	1850	4400
9	0	206	4044	1811	185	1182	2301	10	0	1045	2318	123	991	542	0	5371	101	0	650	1701	1800
9	0	207	7802	3169	1524	529	4103	370	415	2630		0	6136	1901	2871	888	3431	0	0	2503	4200
9	0	208	4753	5083	3439	232	6450	444	241	1956		186	1027	2041	0	408	1124	179	132	4750	5400
9	0	209	7749	5000	1776	59	6854	2603	13	1132	768	326	2385	727	2698	300	1820	82	0	5050	5400
9	0	210	3726	3067	856	1112	3324	1237	1040	2747		317	1311	1247	234	1772	1269	0	97	2120	2900
9	0	211	6239	3070	17	461	4532	1825	123	1210		258	1770	475	2382	176	69	1572	0	3584	3600
9	0	212	9766	3522	2277	241	4667	296	82	2761	392	262	3660	480	3481	3113	3292	0	0	3067	4200
9	0	213	2412	2106	303	1338	2430	912	1237	593		109	1104	1578	32	756	79	2024	0	1530	3600
9	0	214	3883	1883	89	1745	2390	59	403	1211		205	1228	636	161	4400	32	374	558	1790	1800
9	0	215	1671	1418	400	1442	-2	679	362	1046	0	108	368	94	55	3088	0	0	1093	-614	1900
9	0	216	2956	2760	1327	940	2418	511	637	1528	368	174	400	816	604	0	1587	79	734	1418	2500
9	0	217	7285	3241	316	130	5308	345	26	0	4157	0	1953	1283	1168	697	1230	0	0	3608	5400
9	0	218	3348	3488	341	230	5180	3379	0	0	1626	0	1731	2313	1834	286	0	925	0	3380	4400
9	0	219	2704	2878	625	827	2441	1669	198	496	3319	0	593	535	433	3131	393	0	0	1379	3600
9	0	220	2816	2631	252	1233	3650	921	1185	1126	357	122	489	1866	769	0	167	912	108	1850	4400
9	0	221	11420	2896	698	164	5907	1670	169	0	388	143	2926	1368	3917	154	1544	442	113	3707	5600
9	0	222	2620	1052	38	1668	2000	742	295	1610		122	485	-51	617	1213	0	0	1134	1300	1900
9	0	223	2437	3288	2097	1163	2900	964	280	3130	355	114	698	579	648	0	612	127	374	2100	2100
9	0	224	4416	2299	1764	4	5240	57	1	2975		38	1315	270	1581	0	3152	107	1116	4240	2500
9	0	225	4194	3189	1110	1676	3054	486	204	2948		123	848	471	1472	0	1021	0	1655	2054	2500
9	0	226	1792	2403	739	1034	2702	2018	324	912	362	213	659	411	231	985	696	476	250	1902	2100
9	0	227	3380	2632	1388	960	2180	1009	255	1090		131	901	420	670	1576	934	296	0	1480	1900
9	0	228	7695	3950	1595	294	4654	1570	84	2208		206	1685	485	387	1058	2678	66	468	3350	4200
9	0	229	6692	4778	1196	17	6548	2463	0	0	1329	143	3549	1719	4200	0	3733	199	0	4348	5600
9	0	230	2398	2289	52	1702	2180	883	1092	690	353	236	605	1181	377	132	66	1431	104	1480	1900
9	0	231	14445	1944	732	33	5273	592	0	0		18	3466	337	2086	0	3451	0	6194	3050	5600
9	0	232	1725	2232	138	1007	-250	758	879	1317		146	392	769	0	1710	168	380	0	-192	1500
9	0	233	4730	1784	323	718	3090	569	787	752	351	35	989	957	720	0	640	345	369	1690	4600
9	0	234	3220	2668	61	1405	2353	1435	856	1238		171	1171	926	508	291	162	488	327	1553	2100
9	0	235	1928	1578	315	1828	1000	8	0	1081		0	479	172	0	1890	70	956	1331	440	1800
9	0	236	5936	2142	753	17	6350	788	0	2865		108	1736	1139	56	151	0	2633	79	4150	5600
9	0	237	7517	3113	160	277	5104	1488	66	1405		201	1855	471	1633	302	138	1926	478	3796	4200
9	0	238	7573	4269	1186	125	5700	543	62	0	1657	0	2535	2021	1115	400	3828	0	0	4300	4600
9	0	239	3391	321	1	2220	-36	9	1118	0	1565	0	488	1877	0	584	20	5142	60	-636	1800
9	0	240	3755	3214	1781	1830	2468	771	284	2560	0	238	859	473	1349	1277	1488	0	209	1768	1900
9	0	241	1562	3179	276	2024	2235	1064	1583	790	357	155	428	1523	207	913	336	2050	0	1558	1900
9	0	242	2193	2808	968	1346	2470	912	1228	826	175	96	568	1841	43	750	0	426	90	1570	3600
9	0	243	3325	2632	1250	297	4146	719	75	3407	135	102	1395	1503	0	438	2038	206	84	2946	4200
9	0	244	3752	3288	801	391	2990	1605	99	0		154	567	603	0	453	396	1494	0	1790	4200
9	0	245	7323	2855	337	865	3462	484	574	0		655	2232	1481	727	233	133	1358	212	2410	2500
9	0	246	6174	2942	989	205	5537	2128	0	1946		455	2090	626	765	0	933	1523	808	3737	4400
9	0	247	2596	2631	702	1319	2800	438	1254	1426	351	122	400	1498	1045	0	610	0	108	1800	2500
9	0	248	3934	2718	1347	1616	2661	638	224	784		160	955	429	237	1612	233	339	1536	1961	1900
9	0	249	5703	3275	152	991	3313	1444	569	1637		191	1729	850	639	486	186	1124	578	2413	3600
9	0	250	5499	3120	182	893	3417	1515	519	1568	0	346	1543	838	1199	445	130	1213	340	2417	3600
9	0	251	9316	2776	257	73	6450	1811	14	1151	718	131	2770	440	1596	373	174	1239	1828	4750	5400
9	0	252	2410	1629	1	2067	1226	694	1336	1246		302	618	859	419	1567	26	0	0	526	1900
9	0	253	11213	3176	1977	1032	4111	9	0	0		0	1908	331	0	2759	1312	133	3681	2588	4100
9	0	254	5130	6750	2515	116	5300	307	23	0	524	0	1530	3210	741	489	2700	129	0	3600	5400
9	0	255	7085	4182	2177	22	6100	616	0	0	359	0	3434	1844	340	103	3924	157	78	3900	5600
9	0	256	9234	5025	2905	46	7056	1364	9	2514	388	398	2360	750	3355	215	2902	39	0	5268	5400
9	0	257	2527	3090	20	2526	2586	752	1617	2698		130	953	1621	936	809	158	0	19	1886	1900
9	0	258	2939	1640	361	1324	1393	10	0	0	3888	0	495	332	138	2073	369	1976	578	923	1800
9	0	259	5791	4057	2119	711	4250	308	645	2304		228	1605	1337	3452	338	2136	0	0	2650	4200
9	0	260	5401	1768	133	358	3620	1652	0	0	2183	0	3310	1766	1732	0	117	4371	9	1772	4400
9	0	261	3204	1931	166	1565	2440	658	667	1741	0	221	1212	486	331	380	494	0	861	1740	1900
9	0	262	2982	2632	1550	580	2580	359	0	1090		218	989	420	564	1101	1042	109	702	1680	2400
9	0	263	1708	1812	112	762	-616	347	913	0		214	141	515	0	4274	39	0	0	-582	1500
9	0	264	4716	3382	1678	1	-33	381	0	0	939	0	2025	1574	0	554	3586	210	0	73	1500
9	0	265	2191	1578	81	1468	1570	929	0	784		498	989	129	0	1304	99	0	1385	970	1800
9	0	266	4006	3152	771	910	3754	1515	857	1772		123	1077	2386	730	0	1582	2073	0	1954	4400
9	0	267	3237	1964	877	897	2494	442	859	1908	178	98	1110	801	487	723	528	1034	795	1494	3000
9	0	268	5445	1704	4	957	2396	1561	352	3387		126	5433	1503	168	1809	119	0	33	1596	2100
9	0	269	12197	1683	1	440	5140	1081	0	0	397	0	2963	390	3001	829	31	7896	0	2844	5600
9	0	270	7771	2841	92	248	5684	1378	200	1199	685	384	2030	798	817	568	111	3844	0	3984	5400
9	0	271	7887	2801	968	78	6170	1300	16	1300		436	2536	437	0	878	2352	1151	476	4470	5400
9	0	272	2982	2632	1550	580	2580	359	0	1090		218	989	420	564	1101	1042	109	702	1680	2400
9	0	273	7056	2667	1859	201	3806	482	100	1097	986	38	1453	646	1037	0	3800	42	837	2406	4600
9	0	274	6111	2532	552	978	4180	10	331	1720	844	388	1368	822	1039	199	1292	1118	675	2626	4100
9	0	275	2500	2106	1167	888	2480	702	942	1049		105	698	1315	33	496	1435	584	0	1380	2900
9	0	276	4703	4200	1656	259	5610	711	200	2044	365	212	1804	1112	1905	108	2900	123	28	3910	5400
9	0	277	7221	3263	459	42	4323	1609	0	1637		234	1938	468	0	731	583	2641	1144	2167	5600
9	0	278	3512	3244	1045	497	4400	1163	127	845	3848	0	1213	480	792	441	4018	0	529	3500	3600
9	0	279	1750	3184	242	1787	2458	1033	1280	3730	1010	266	512	1131	347	553	540	0	11	1658	2100
9	0	280	4785	3734	1293	434	5400	823	412	2198		176	1262	1423	815	720	1405	147	90	3700	5400
9	0	281	9532	2625	522	169	5658	1746	57	1453		647	3405	424	3081	759	185	2751	0	4058	4200
9	0	282	5791	4920	1416	47	7082	1976	9	2106		161	1309	747	2857	0	2175	92	0	5382	5400
9	0	283	1729	3003	816	1803	2162	679	1163	2746		120	567	1185	357	1328	975	0	67	1550	1900
9	0	284	2065	2106	447	1335	2500	1062	1643	815	357	123	315	1841	33	0	594	1044	50	1400	2900
9	0	285	4869	1754	743	473	3140	487	452	1078		145	1058	587	238	0	1622	462	927	1740	4600
9	0	286	2838	2368	458	1219	2400	988	963	0	1961	0	472	1769	628	1227	0	1720	0	1500	3600
9	0	287	5944	4151	1356	202	5600	1145	0	0	2426	0	2134	1792	1129	284	3525	188	20	3800	4400
9	0	288	3671	2248	631	883	2720	471	570	911	357	592	649	622	786	0	814	439	873	1720	2500
9	0	289	4842	2104	857	304	3260	613	103	1081	351	70	2015	303	1997	1285	385	217	891	1660	4200
9	0	290	3595	1578	135	1017	2040	631	116	1081		0	655	172	0	2145	28	1092	1021	840	4200
9	0	291	10942	3133	690	33	5276	1581	0	420	392	570	2237	474	828	872	1004	3246	0	2980	5600
9	0	292	5739	3249	698	530	4077	2163	374	1196	427	298	1936	1062	0	819	410	1365	372	2877	4200
9	0	293	2054	2579	47	2117	2340	742	1199	1857		162	628	1191	693	984	91	462	19	1640	1900
9	0	294	4560	3948	867	816	4340	307	854	0	1751	0	848	1421	720	1159	1360	0	18	2640	5400
9	0	295	4552	1319	1	397	4880	1913	278	3104		572	1733	586	1145	280	87	2678	897	3680	4200
9	0	296	2965	1599	606	1410	1560	315	0	678		243	629	129	0	1304	472	585	322	960	1800
9	0	297	2900	3380	246	1435	2639	1789	827	2935	307	132	838	1012	739	284	345	732	189	1839	2100
9	0	298	3292	1765	917	549	2056	931	303	857	2170	106	772	684	9	572	1645	1091	636	956	2900
9	0	299	3983	2168	334	1854	2200	771	783	2495	0	443	966	634	806	739	198	581	374	1500	1900
9	0	300	3844	3385	2170	953	2550	1006	343	0	1663	0	1234	2848	0	142	8494	0	0	1750	2100
9	0	301	2082	3053	893	1	1308	347	0	0	3057	0	403	-264	0	628	974	0	1828	1342	1500
9	0	302	3052	180	1	649	3973	2405	402	0	4211	0	2514	1579	3376	181	243	384	0	3073	3600
9	0	303	9622	3913	1647	31	5641	1553	0	1012	399	115	5416	1786	1073	0	8278	43	58	3441	5600
9	0	304	5309	1783	1	940	3250	587	1012	675		109	1717	1591	349	856	70	360	90	1550	5400
9	0	305	3041	2192	84	1095	2950	1374	267	0	351	456	637	411	0	109	68	2017	475	2150	2100
9	0	306	2700	3253	58	2629	2544	771	1620	3530		132	967	1682	1088	542	168	0	19	1844	1900
9	0	307	7970	3413	60	198	4044	750	44	0		535	1548	513	810	837	67	2781	0	2240	5400
9	0	308	6056	3391	796	336	6274	355	305	2331		238	1590	1619	1551	455	962	240	20	4524	5400
9	0	309	5532	2876	775	407	3096	1371	113	2043		321	1274	639	623	490	1051	404	344	1896	4200
9	0	310	2121	1695	436	523	-346	347	0	0	278	214	149	262	0	2828	151	586	293	-312	1500
9	0	311	2607	2327	143	1625	2422	989	1187	1330		238	1313	1220	537	508	269	814	39	1622	2100
9	0	312	10494	1576	256	390	3938	1420	207	0	420	0	6640	1692	348	6008	228	0	0	2738	2900
9	0	313	3245	2104	840	331	3570	1245	86	1908		402	936	172	0	799	945	649	0	2370	4200
9	0	314	7397	2782	362	517	4056	787	399	0	377	37	2787	1759	2769	283	400	1553	0	2456	4200
9	0	315	2412	2106	303	1425	2280	912	1264	720		105	585	1578	30	772	86	2024	0	1380	3600
9	0	316	4513	1828	1	308	4448	1070	0	0	3730	56	1205	614	0	89	249	1250	882	2648	4400
9	0	317	7788	3051	487	37	4998	1068	0	0	2979	0	2356	1396	2739	2210	660	0	0	2798	5600
9	0	318	2790	475	1	2452	2270	10	1427	0	3409	0	607	1210	473	1964	151	792	21	1670	1800
9	0	319	2500	2106	933	1112	2480	702	1293	720		105	541	1578	33	496	689	1043	0	1380	2900
9	0	320	9066	3199	890	230	5690	1400	26	2903		326	2303	472	1238	976	1681	1290	239	3886	5400
9	0	321	3836	4636	1291	271	6025	2362	0	0	1214	94	2661	1678	3785	397	1440	0	39	4225	4400
9	0	322	3248	3508	2320	905	2590	456	580	699	351	122	770	1068	1098	0	1080	73	158	1590	2500
9	0	323	2224	2457	1552	1891	2000	707	282	2530		0	676	301	193	1890	3965	0	0	1300	1900
9	0	324	3016	3074	217	1089	2562	1526	644	2504	500	40	604	943	291	926	190	0	616	1662	3600
9	0	325	14339	3133	1267	6	7554	2133	0	975		489	3467	465	2913	0	3681	516	2569	5302	5600
9	0	326	4614	4113	1068	840	4160	307	891	0	1578	0	849	1818	720	1209	1077	0	27	2460	5400
9	0	327	2459	2886	1290	1758	2368	658	246	2076	778	120	687	452	686	0	2336	0	1466	1668	1900
9	0	328	2596	2251	387	1118	2280	1422	763	1139		233	956	1195	11	3038	517	0	20	1480	2100
9	0	329	2544	1784	306	652	3908	384	607	3162		0	883	1323	1449	0	228	0	153	2908	2500
9	0	330	2781	3978	1763	818	3250	471	540	924	1939	146	702	1189	814	0	5130	0	81	2250	2500
9	0	331	1926	2632	848	1359	2160	658	690	0	2192	0	382	247	583	1051	572	0	572	1480	1900
9	0	332	2576	1727	584	1060	1616	988	395	2374		419	849	218	0	432	743	1057	0	816	2100
9	0	333	3276	1965	723	463	2380	1244	121	702		357	827	318	476	807	741	0	274	1180	4200
9	0	334	6631	2925	560	246	5133	1414	0	0	1868	403	3162	1512	862	568	1481	765	83	3333	4400
9	0	335	2563	2081	601	1634	2302	192	822	1138	669	35	691	933	235	0	1369	270	332	1790	1800
9	0	336	11049	2048	144	259	5048	1601	74	1104	418	166	2449	257	3257	1258	57	1294	628	3744	4200
9	0	337	2278	2106	357	1143	2250	1352	907	0	1752	0	306	1315	30	2851	0	561	0	1350	3600
9	0	338	3245	2631	522	904	4100	921	799	0	2055	0	488	1498	432	0	877	729	108	2300	4400
9	0	339	2982	2632	1550	586	2580	361	0	1102		220	989	420	564	1101	1042	109	702	1680	2400
9	0	340	3254	4077	802	1954	3226	475	1794	2405		0	1023	2223	1911	964	1473	0	19	2270	2500
9	0	341	8199	2928	1175	275	4965	345	232	1604		262	3216	1688	2081	0	3508	102	107	3242	5400
9	0	342	2320	2142	393	1152	2250	919	914	0	1768	0	311	1325	30	2851	0	543	0	1350	3600
9	0	343	3897	3618	2418	388	3950	401	262	1886		298	993	987	1943	0	0	48	396	2950	2500
9	0	344	3342	1619	118	595	2610	316	0	862		411	874	178	217	372	182	716	1344	1110	4100
9	0	345	2816	2631	252	1358	3210	921	1305	1126	357	122	489	1866	676	0	167	912	108	1450	4400
9	0	346	7006	2632	665	43	7016	757	8	3733		297	1916	420	2086	0	448	1405	1189	5316	5400
9	0	347	3456	2797	1327	588	3226	912	146	1558		365	894	447	638	909	1216	211	1349	2326	3600
9	0	348	2685	2361	52	1733	2190	718	1122	1011	152	68	1187	1794	376	151	161	1012	25	1490	1900
9	0	349	2512	2193	390	1472	1840	912	1361	720		105	611	1578	24	831	112	1887	0	980	3600
9	0	350	5364	1992	808	393	4478	716	320	2225	544	231	1725	498	2385	174	0	2157	319	2878	4200
9	0	351	2500	2106	933	1088	2630	702	1264	576		394	532	1578	35	486	668	1043	0	1530	2900
9	0	352	5200	2643	1756	295	4190	921	0	1508		35	1539	394	522	0	2880	75	1944	2390	4400
9	0	353	2982	2632	1550	580	2580	359	0	1090		218	989	420	564	1101	1042	109	702	1680	2400
9	0	354	3990	1578	585	1250	1930	631	118	763	263	0	489	243	0	2599	131	502	950	730	4200
9	0	355	5399	2631	1170	934	3300	482	1076	1442		0	1445	1761	575	0	1839	0	108	1900	4600
9	0	356	2596	2631	342	1577	2850	442	1607	1106	351	122	313	1880	1162	0	226	0	108	1850	2500
9	0	357	2191	1578	81	1429	1570	957	0	763		498	989	129	0	1304	99	0	1385	970	1800
9	0	358	8659	2013	328	315	5540	577	282	1378		506	1832	629	1946	852	447	1341	402	4040	4600
9	0	359	2324	2632	1905	1250	2680	1074	303	1993		0	728	420	704	1453	1440	73	0	1880	2100
9	0	360	1754	3948	2091	1543	2600	658	1040	1017		0	569	1332	1146	1579	1620	0	0	1900	1900
9	0	361	6477	5496	1964	58	6650	701	11	0	666	0	3241	1946	2035	391	2172	0	40	4950	5400
9	0	362	5637	2812	466	233	4900	1725	0	0	1720	298	1406	613	734	74	835	766	846	3100	4400
9	0	363	1929	3948	2091	1587	2600	659	1043	1045		0	569	1332	1146	1579	1620	0	0	1900	1900
9	0	364	5056	2944	520	238	5070	2485	0	1349	1563	0	1531	470	0	143	1510	2072	702	3270	4400
9	0	365	8087	4102	1450	519	3937	1868	135	1681		237	1896	499	1625	1477	1326	74	437	2937	3600
9	0	366	1677	1578	423	1149	1280	698	294	1771	263	0	732	290	115	907	93	2557	902	580	1900
9	0	367	5924	3257	240	448	5400	808	228	0	1744	0	2326	1691	1168	277	723	0	62	3400	5000
9	0	368	4299	2631	810	1188	3350	482	1385	1143		0	1358	2129	702	0	1108	0	108	1950	4600
9	0	369	2500	2106	933	1253	2040	702	1396	720		105	541	1578	27	536	689	1043	0	980	2900
9	0	370	2514	2192	966	1138	2480	400	138	3190		114	485	386	312	0	151	345	734	1480	3000
9	0	371	5403	3682	1035	4	4380	252	1	863	273	0	1968	1400	0	45	1430	0	219	3422	2500
9	0	372	3117	1028	1	2036	-34	1055	1514	0	1581	0	294	1698	0	1388	33	4778	0	-934	3600
9	0	373	3479	4075	1647	1459	3145	513	1324	2269	421	147	954	1743	2113	231	2470	19	77	2145	2500
9	0	374	2596	2631	702	1319	2800	438	1254	1426	351	122	400	1498	1045	0	610	0	108	1800	2500
9	0	375	2326	3156	191	2030	1442	312	2483	1197		0	805	2811	305	2415	0	0	33	1446	1500
9	0	376	5112	1596	729	1107	2330	221	124	758	265	0	1027	243	960	1917	163	431	950	730	4200
9	0	377	3245	2631	522	895	4100	921	799	0	2034	0	488	1526	432	0	877	729	108	2300	4400
9	0	378	8703	2886	459	319	3570	882	108	1458		248	2879	844	2670	0	847	623	194	1970	4200
9	0	379	5478	1578	419	333	3250	853	113	1294		697	2018	129	1464	1178	468	1172	0	1650	4200
9	0	380	2461	2153	215	1526	2420	852	1545	1338		203	762	1799	534	1044	443	341	18	1320	2900
9	0	381	3174	3522	774	882	2868	2043	316	0	1584	0	1262	1975	0	119	3358	0	0	2068	2100
9	0	382	2620	1592	336	1678	1840	10	0	1890	2222	0	321	340	133	3575	220	0	453	1240	1800
9	0	383	3689	1964	671	1540	2351	694	665	1489	503	119	1264	644	1459	536	990	0	569	1651	1900
9	0	384	2323	1578	405	1040	1600	402	0	0	1742	0	696	830	324	432	90	2970	111	1000	1800
9	0	385	3245	2631	522	873	4100	925	802	0	1977	0	488	1498	432	0	877	729	108	2300	4400
9	0	386	2989	2638	1592	619	2210	359	0	966		133	760	420	485	1174	1074	36	1123	1350	2400
9	0	387	2596	2631	702	1319	2800	438	1254	1426	351	122	400	1498	1045	0	610	0	108	1800	2500
9	0	388	2616	2652	723	1332	2800	442	1263	1431	353	413	403	1498	1045	0	631	0	108	1800	2500
9	0	389	3595	1578	135	1017	2040	631	116	1081		0	655	172	0	2145	28	1092	1021	840	4200
9	0	390	5434	3326	55	443	4600	2031	78	0	2085	0	1274	1173	340	1015	109	0	78	3400	4200
9	0	391	2128	2631	654	801	3300	753	633	0	2817	0	273	1121	118	143	1640	0	151	2500	2100
9	0	392	1754	3948	2091	1582	2600	663	1047	1034		0	569	1332	1146	1579	1620	0	0	1900	1900
9	0	393	2596	2631	702	1319	2800	438	1254	1426	351	122	400	1498	1045	0	610	0	108	1800	2500
9	0	394	2430	2121	318	1401	2280	912	1264	731		394	589	1578	30	772	91	1999	0	1380	3600
9	0	395	2323	1578	405	1033	1600	402	0	0	1735	0	696	830	324	432	90	2970	111	1000	1800
9	0	396	7306	2864	1295	208	3708	343	42	1024	594	120	2448	685	1875	1541	1523	292	327	1920	5400
9	0	397	3595	1578	135	1017	2040	631	116	1081		0	655	172	0	2145	28	1092	1021	840	4200
9	0	398	2208	2791	459	1929	1828	417	494	1138	385	451	591	794	0	440	1324	0	408	1228	1800
9	0	399	6602	2741	292	1143	3102	1075	880	0		342	3210	3551	642	255	107	2743	46	2202	3600
9	0	400	2345	4343	1700	1543	3270	1041	1292	1836		121	1115	2154	724	706	3550	41	0	2370	3600
9	0	401	7526	3212	372	616	5845	250	586	1014		354	2191	1601	3331	320	885	0	18	4149	4200
9	0	402	3385	2638	1394	963	2180	1009	255	1091		131	902	420	670	1576	939	285	0	1480	1900
9	0	403	3916	2631	252	1180	3650	921	1185	1097	351	122	489	1866	769	0	167	912	108	1850	4400
9	0	404	3136	1338	1	976	2160	1043	264	979		222	1187	220	395	800	27	2230	1343	1460	1900
9	0	405	3233	1426	1	1402	2302	934	1294	823		435	1100	1335	246	785	63	1464	0	1402	3600
9	0	406	2782	100	1	1192	2392	774	290	0	5976	0	570	-1031	741	211	50	1040	1270	1692	1900
9	0	407	2638	2676	716	1340	2800	446	1272	1450	356	124	407	1523	1061	0	634	0	109	1800	2500
9	0	408	2638	2676	350	1678	2806	446	1631	1284	356	124	330	1897	1180	0	236	0	109	1806	2500
9	0	409	4903	2948	210	418	5056	1634	221	0	1896	316	1573	1027	1463	0	449	1040	111	3256	4400
9	0	410	3653	1605	141	1034	2040	642	119	1099		0	666	176	0	2176	31	1103	1031	840	4200
9	0	411	4341	1784	1	1307	3450	1050	1267	1124	359	124	786	1866	1912	0	54	0	36	1650	4400
9	0	412	3433	1784	519	1131	2590	446	956	1101		36	809	971	865	0	678	297	356	1590	2500
9	0	413	2664	1649	216	663	1870	1367	154	771		521	1086	136	0	1375	197	0	1073	870	3000
9	0	414	4046	3176	1167	833	3408	456	532	2378	146	392	1377	1221	2025	438	610	128	0	2408	2500
9	0	415	2681	2718	730	1365	2800	452	1296	1473	362	126	412	1545	1078	0	657	0	111	1800	2500
9	0	416	2581	2172	965	1148	2480	724	1334	744		108	557	1626	33	511	733	1022	0	1380	2900
9	0	417	3134	2766	1690	590	2650	370	0	999		137	797	438	599	1117	1112	37	1129	1750	2400
9	0	418	2681	2718	730	1365	2800	452	1296	1473	362	126	412	1545	1078	0	657	0	111	1800	2500
9	0	419	2681	2718	730	1365	2800	452	1296	1473	362	126	412	1545	1078	0	657	0	111	1800	2500
9	0	420	2385	1620	140	1084	1600	422	0	0	1818	0	715	867	340	451	32	3797	105	1000	1800
9	0	421	3690	1620	107	1066	2040	663	122	1135		0	673	180	0	2248	24	1165	1059	840	4200
9	0	422	7499	3102	483	254	5101	1448	62	1210		201	1812	466	1614	286	409	1428	482	3805	4200
9	0	423	2967	2161	329	1221	2250	965	960	0	1872	0	314	1932	30	2993	0	601	0	1350	3600
9	0	424	2838	1351	1	1803	2291	9	896	0	3281	0	527	930	0	3230	75	844	173	1691	1800
9	0	425	8197	100	1	185	5954	2088	0	1287	1958	143	2175	0	4070	0	119	2070	0	4046	4400
9	0	426	4955	1800	551	779	2990	506	845	1845		37	998	1009	418	0	1515	298	302	1590	4600
9	0	427	2340	2161	329	1200	2250	1010	1005	0	1840	0	314	1932	30	2993	0	601	0	1350	3600
9	0	428	3152	1620	346	1507	1470	8	0	0	552	312	330	394	0	1390	81	1303	765	870	1800
9	0	429	5447	3294	1316	997	3459	689	1036	0		227	1011	2397	356	668	1274	209	39	2163	4200
9	0	430	7028	2700	1922	214	3790	506	107	1584		36	1574	425	513	0	6048	22	1965	2390	4600
9	0	431	3836	1683	145	1083	2040	673	125	1154		0	699	184	0	2288	34	1150	1076	840	4200
9	0	432	3906	1886	30	1036	3769	1194	1116	1432		495	1060	1898	150	103	188	2499	19	2565	2900
9	0	433	3703	2973	1309	1555	2578	1137	1101	1540	322	140	1960	2209	804	0	1292	905	0	1878	1900
9	0	434	6777	4248	600	113	5690	680	23	1189	284	218	2189	2109	458	0	3103	298	0	3990	5400
9	0	435	3096	3191	896	1323	2752	98	828	0	2676	0	552	1172	0	401	1401	766	82	1906	2400
9	0	436	1909	2568	189	2071	-67	146	3247	0	815	228	384	3009	0	846	231	1401	16	-5	1500
9	0	437	2666	2244	995	1188	2480	748	1380	768		112	578	2523	35	529	784	1006	0	1380	2900
9	0	438	3378	1683	337	1840	1440	9	0	1154		0	512	184	0	1889	80	998	1402	840	1800
9	0	439	4479	4198	812	57	6858	3097	0	0	2001	0	1244	739	938	86	589	2065	0	4758	5000
9	0	440	6501	2605	647	601	4240	732	410	2663		256	1405	839	1471	587	1203	820	118	2940	4200
9	0	441	3280	2894	1707	639	2580	395	0	1196		240	1089	462	620	1211	1188	120	730	1680	2400
9	0	442	4365	3060	957	533	4748	1120	362	2733		151	1040	882	799	1243	717	1006	0	3600	4200
9	0	443	2855	2895	774	1453	2800	482	1379	1930	386	135	442	1650	1148	0	741	0	118	1800	2500
9	0	444	1832	3088	1562	1843	2270	746	1529	912	193	105	528	2893	264	570	0	59	98	1570	1900
9	0	445	3329	2895	675	1342	3300	497	1289	0	2208	0	346	1650	1102	0	1247	0	118	2300	2500
9	0	446	3395	2448	700	1390	2470	1049	364	419		508	661	430	0	5088	0	0	0	1670	2100
9	0	447	4302	1958	471	1065	2499	1028	836	1927		39	1082	1141	372	0	907	1197	100	780	4400
9	0	448	4260	1958	572	1266	2590	489	1049	1985		40	886	1066	949	0	1111	310	230	1590	2500
9	0	449	4539	1972	485	911	3390	1036	709	1940		39	1091	1066	504	0	939	1180	230	1590	4400
