result_no	generate_no	block_no	e_no	
2	0	1	2
2	0	1	16
2	0	1	20
2	0	1	22
2	0	1	36
2	0	1	209
2	0	1	37
2	0	1	51
2	0	1	48
2	0	1	149
2	0	1	57
2	0	1	157
2	0	1	61
2	0	1	63
2	0	1	170
2	0	1	65
2	0	1	69
2	0	1	66
2	0	1	71
2	0	1	84
2	0	1	128
2	0	2	87
2	0	2	88
2	0	2	90
2	0	2	91
2	0	2	111
2	0	2	113
2	0	2	114
2	0	2	210
2	0	2	115
2	0	2	120
2	0	2	125
2	0	2	142
2	0	2	138
2	0	2	140
2	0	2	141
2	0	2	150
2	0	2	155
2	0	2	162
2	0	2	171
2	0	2	173
2	0	3	184
2	0	3	187
2	0	3	199
2	0	3	201
2	0	3	213
2	0	3	216
2	0	3	225
2	0	3	230
2	0	3	233
2	0	3	238
2	0	3	245
2	0	3	246
2	0	3	247
2	0	3	257
2	0	3	258
2	0	3	260
2	0	3	266
2	0	3	273
2	0	3	278
2	0	3	279
2	0	4	283
2	0	4	285
2	0	4	287
2	0	4	288
2	0	4	296
2	0	4	304
2	0	4	306
2	0	4	316
2	0	4	324
2	0	4	317
2	0	4	318
2	0	4	322
2	0	4	326
2	0	4	329
2	0	4	330
2	0	4	332
2	0	4	335
2	0	4	341
2	0	4	343
2	0	4	348
2	0	5	349
2	0	5	352
2	0	5	355
2	0	5	368
2	0	5	373
2	0	5	376
2	0	5	377
2	0	5	378
2	0	5	382
2	0	5	388
2	0	5	389
2	0	5	391
2	0	5	396
2	0	5	403
2	0	5	362
2	0	5	362
2	0	5	362
2	0	5	362
2	0	5	362
2	0	6	4
2	0	6	10
2	0	6	42
2	0	6	11
2	0	6	28
2	0	6	31
2	0	6	34
2	0	6	96
2	0	6	38
2	0	6	52
2	0	6	53
2	0	6	55
2	0	6	73
2	0	6	78
2	0	6	82
2	0	6	93
2	0	6	94
2	0	6	100
2	0	6	105
2	0	6	106
2	0	7	109
2	0	7	118
2	0	7	129
2	0	7	130
2	0	7	147
2	0	7	133
2	0	7	189
2	0	7	139
2	0	7	144
2	0	7	160
2	0	7	165
2	0	7	161
2	0	7	164
2	0	7	169
2	0	7	222
2	0	7	172
2	0	7	174
2	0	7	185
2	0	7	190
2	0	7	191
2	0	8	192
2	0	8	193
2	0	8	196
2	0	8	214
2	0	8	218
2	0	8	220
2	0	8	224
2	0	8	327
2	0	8	229
2	0	8	240
2	0	8	253
2	0	8	254
2	0	8	263
2	0	8	265
2	0	8	267
2	0	8	281
2	0	8	289
2	0	8	292
2	0	8	293
2	0	8	310
2	0	9	312
2	0	9	313
2	0	9	315
2	0	9	333
2	0	9	334
2	0	9	338
2	0	9	344
2	0	9	351
2	0	9	356
2	0	9	357
2	0	9	366
2	0	9	369
2	0	9	379
2	0	9	383
2	0	9	384
2	0	9	392
2	0	9	395
2	0	9	397
2	0	9	362
2	0	9	362
2	0	10	12
2	0	10	15
2	0	10	119
2	0	10	18
2	0	10	166
2	0	10	19
2	0	10	24
2	0	10	33
2	0	10	43
2	0	10	64
2	0	10	80
2	0	10	97
2	0	10	110
2	0	10	122
2	0	10	131
2	0	10	135
2	0	10	136
2	0	10	198
2	0	10	143
2	0	10	145
2	0	11	154
2	0	11	158
2	0	11	175
2	0	11	178
2	0	11	179
2	0	11	181
2	0	11	183
2	0	11	194
2	0	11	200
2	0	11	195
2	0	11	219
2	0	11	221
2	0	11	227
2	0	11	232
2	0	11	236
2	0	11	241
2	0	11	242
2	0	11	243
2	0	11	298
2	0	11	255
2	0	12	262
2	0	12	275
2	0	12	280
2	0	12	284
2	0	12	286
2	0	12	290
2	0	12	291
2	0	12	309
2	0	12	314
2	0	12	311
2	0	12	319
2	0	12	320
2	0	12	325
2	0	12	337
2	0	12	339
2	0	12	342
2	0	12	353
2	0	12	360
2	0	12	365
2	0	12	371
2	0	13	380
2	0	13	385
2	0	13	390
2	0	13	393
2	0	13	400
2	0	13	402
2	0	13	362
2	0	13	362
2	0	13	362
2	0	13	362
2	0	13	362
2	0	13	362
2	0	13	362
2	0	13	362
2	0	13	362
2	0	13	362
2	0	13	362
2	0	13	362
2	0	13	362
2	0	13	362
2	0	14	1
2	0	14	3
2	0	14	5
2	0	14	269
2	0	14	6
2	0	14	7
2	0	14	72
2	0	14	8
2	0	14	9
2	0	14	282
2	0	14	13
2	0	14	308
2	0	14	17
2	0	14	186
2	0	14	21
2	0	14	23
2	0	14	328
2	0	14	26
2	0	14	47
2	0	14	27
2	0	15	29
2	0	15	146
2	0	15	30
2	0	15	49
2	0	15	32
2	0	15	148
2	0	15	35
2	0	15	39
2	0	15	41
2	0	15	44
2	0	15	50
2	0	15	54
2	0	15	56
2	0	15	58
2	0	15	59
2	0	15	60
2	0	15	62
2	0	15	67
2	0	15	70
2	0	15	74
2	0	16	79
2	0	16	81
2	0	16	83
2	0	16	85
2	0	16	86
2	0	16	98
2	0	16	99
2	0	16	101
2	0	16	167
2	0	16	102
2	0	16	104
2	0	16	307
2	0	16	107
2	0	16	108
2	0	16	112
2	0	16	116
2	0	16	117
2	0	16	121
2	0	16	123
2	0	16	124
2	0	17	126
2	0	17	127
2	0	17	132
2	0	17	151
2	0	17	152
2	0	17	153
2	0	17	212
2	0	17	156
2	0	17	159
2	0	17	375
2	0	17	168
2	0	17	176
2	0	17	177
2	0	17	182
2	0	17	197
2	0	17	203
2	0	17	237
2	0	17	204
2	0	17	205
2	0	17	206
2	0	18	207
2	0	18	208
2	0	18	259
2	0	18	211
2	0	18	215
2	0	18	217
2	0	18	226
2	0	18	228
2	0	18	234
2	0	18	235
2	0	18	239
2	0	18	249
2	0	18	250
2	0	18	251
2	0	18	252
2	0	18	256
2	0	18	261
2	0	18	264
2	0	18	270
2	0	18	271
2	0	19	272
2	0	19	276
2	0	19	277
2	0	19	294
2	0	19	295
2	0	19	297
2	0	19	299
2	0	19	301
2	0	19	302
2	0	19	321
2	0	19	323
2	0	19	336
2	0	19	340
2	0	19	345
2	0	19	346
2	0	19	347
2	0	19	350
2	0	19	354
2	0	19	358
2	0	19	359
2	0	20	361
2	0	20	363
2	0	20	367
2	0	20	372
2	0	20	374
2	0	20	386
2	0	20	387
2	0	20	394
2	0	20	398
2	0	20	399
2	0	20	401
2	0	20	362
2	0	20	362
2	0	20	362
2	0	20	362
2	0	20	362
2	0	20	362
2	0	20	362
2	0	20	362
2	0	20	362
2	0	21	14
2	0	21	40
2	0	21	46
2	0	21	92
2	0	21	76
2	0	21	95
2	0	21	134
2	0	21	163
2	0	21	180
2	0	21	223
2	0	21	244
2	0	21	268
2	0	21	303
2	0	21	364
2	0	21	381
2	0	21	362
2	0	21	362
2	0	21	362
2	0	21	362
2	0	21	362
2	0	21	25
2	0	21	45
2	0	21	68
2	0	21	75
2	0	21	77
2	0	21	103
2	0	21	300
2	0	21	137
2	0	21	188
2	0	21	231
2	0	21	248
2	0	21	274
2	0	21	305
2	0	21	370
2	0	21	362
2	0	21	362
2	0	21	362
2	0	21	362
2	0	21	362
2	0	21	362
